Seed,TTL Feature,Perturbation (%),Attack Category,Samples,RF TPR,MLP TPR,RF Clean TPR,MLP Clean TPR,RF TPR Drop,MLP TPR Drop
42,sttl,-15,Analysis,677,0.7769571639586411,0.9896602658788775,0.7769571639586411,0.9926144756277696,0.0,-0.002954209748892156
42,sttl,-15,Backdoor,583,0.902229845626072,0.9622641509433962,0.902229845626072,0.9656946826758147,0.0,-0.0034305317324184736
42,sttl,-15,DoS,4089,0.25874296894106136,0.8185375397407679,0.27879677182685253,0.8256297383223282,-0.020053802885791172,-0.007092198581560294
42,sttl,-15,Exploits,11132,0.3779195113187208,0.6377111031261229,0.41699604743083,0.647502694933525,-0.039076536112109206,-0.009791591807402078
42,sttl,-15,Fuzzers,6062,0.5917189046519301,0.43615968327284727,0.592708677004289,0.49934015176509405,-0.0009897723523588642,-0.06318046849224679
42,sttl,-15,Generic,18871,0.9760479041916168,0.5322982353876318,0.9771607228021832,0.6614381855757512,-0.0011128186105664462,-0.1291399501881194
42,sttl,-15,Reconnaissance,3496,0.3489702517162471,0.4782608695652174,0.3504004576659039,0.5334668192219679,-0.0014302059496567598,-0.05520594965675052
42,sttl,-15,Shellcode,378,0.3941798941798942,0.48148148148148145,0.3941798941798942,0.5105820105820106,0.0,-0.029100529100529127
42,sttl,-15,Worms,44,0.38636363636363635,0.45454545454545453,0.38636363636363635,0.4772727272727273,0.0,-0.022727272727272763
42,sttl,-10,Analysis,677,0.7769571639586411,0.9896602658788775,0.7769571639586411,0.9926144756277696,0.0,-0.002954209748892156
42,sttl,-10,Backdoor,583,0.902229845626072,0.9622641509433962,0.902229845626072,0.9656946826758147,0.0,-0.0034305317324184736
42,sttl,-10,DoS,4089,0.25874296894106136,0.8219613597456591,0.27879677182685253,0.8256297383223282,-0.020053802885791172,-0.003668378576669129
42,sttl,-10,Exploits,11132,0.3779195113187208,0.6411246855910887,0.41699604743083,0.647502694933525,-0.039076536112109206,-0.006378009342436264
42,sttl,-10,Fuzzers,6062,0.5917189046519301,0.4519960409105906,0.592708677004289,0.49934015176509405,-0.0009897723523588642,-0.04734411085450346
42,sttl,-10,Generic,18871,0.9760479041916168,0.5698691113348524,0.9771607228021832,0.6614381855757512,-0.0011128186105664462,-0.09156907424089877
42,sttl,-10,Reconnaissance,3496,0.3489702517162471,0.505720823798627,0.3504004576659039,0.5334668192219679,-0.0014302059496567598,-0.027745995423340886
42,sttl,-10,Shellcode,378,0.3941798941798942,0.49206349206349204,0.3941798941798942,0.5105820105820106,0.0,-0.018518518518518545
42,sttl,-10,Worms,44,0.38636363636363635,0.45454545454545453,0.38636363636363635,0.4772727272727273,0.0,-0.022727272727272763
42,sttl,-5,Analysis,677,0.7769571639586411,0.9926144756277696,0.7769571639586411,0.9926144756277696,0.0,0.0
42,sttl,-5,Backdoor,583,0.902229845626072,0.9656946826758147,0.902229845626072,0.9656946826758147,0.0,0.0
42,sttl,-5,DoS,4089,0.25874296894106136,0.8244069454634385,0.27879677182685253,0.8256297383223282,-0.020053802885791172,-0.0012227928588897097
42,sttl,-5,Exploits,11132,0.3779195113187208,0.6447179302910528,0.41699604743083,0.647502694933525,-0.039076536112109206,-0.002784764642472126
42,sttl,-5,Fuzzers,6062,0.5917189046519301,0.4722863741339492,0.592708677004289,0.49934015176509405,-0.0009897723523588642,-0.02705377763114486
42,sttl,-5,Generic,18871,0.9760479041916168,0.6108314344761804,0.9771607228021832,0.6614381855757512,-0.0011128186105664462,-0.0506067510995708
42,sttl,-5,Reconnaissance,3496,0.3489702517162471,0.5208810068649885,0.3504004576659039,0.5334668192219679,-0.0014302059496567598,-0.01258581235697942
42,sttl,-5,Shellcode,378,0.3941798941798942,0.5026455026455027,0.3941798941798942,0.5105820105820106,0.0,-0.007936507936507908
42,sttl,-5,Worms,44,0.38636363636363635,0.45454545454545453,0.38636363636363635,0.4772727272727273,0.0,-0.022727272727272763
42,sttl,-2,Analysis,677,0.7769571639586411,0.9926144756277696,0.7769571639586411,0.9926144756277696,0.0,0.0
42,sttl,-2,Backdoor,583,0.902229845626072,0.9656946826758147,0.902229845626072,0.9656946826758147,0.0,0.0
42,sttl,-2,DoS,4089,0.25874296894106136,0.8248960626069943,0.27879677182685253,0.8256297383223282,-0.020053802885791172,-0.0007336757153338924
42,sttl,-2,Exploits,11132,0.3779195113187208,0.6466043837585339,0.41699604743083,0.647502694933525,-0.039076536112109206,-0.0008983111749910622
42,sttl,-2,Fuzzers,6062,0.5917189046519301,0.48729792147806006,0.592708677004289,0.49934015176509405,-0.0009897723523588642,-0.012042230287033995
42,sttl,-2,Generic,18871,0.9760479041916168,0.6424142864713052,0.9771607228021832,0.6614381855757512,-0.0011128186105664462,-0.019023899104446018
42,sttl,-2,Reconnaissance,3496,0.3489702517162471,0.5300343249427918,0.3504004576659039,0.5334668192219679,-0.0014302059496567598,-0.003432494279176135
42,sttl,-2,Shellcode,378,0.3941798941798942,0.5079365079365079,0.3941798941798942,0.5105820105820106,0.0,-0.002645502645502673
42,sttl,-2,Worms,44,0.38636363636363635,0.4772727272727273,0.38636363636363635,0.4772727272727273,0.0,0.0
42,sttl,0,Analysis,677,0.7769571639586411,0.9926144756277696,0.7769571639586411,0.9926144756277696,0.0,0.0
42,sttl,0,Backdoor,583,0.902229845626072,0.9656946826758147,0.902229845626072,0.9656946826758147,0.0,0.0
42,sttl,0,DoS,4089,0.27879677182685253,0.8256297383223282,0.27879677182685253,0.8256297383223282,0.0,0.0
42,sttl,0,Exploits,11132,0.41699604743083,0.647502694933525,0.41699604743083,0.647502694933525,0.0,0.0
42,sttl,0,Fuzzers,6062,0.592708677004289,0.49934015176509405,0.592708677004289,0.49934015176509405,0.0,0.0
42,sttl,0,Generic,18871,0.9771607228021832,0.6614381855757512,0.9771607228021832,0.6614381855757512,0.0,0.0
42,sttl,0,Reconnaissance,3496,0.3504004576659039,0.5334668192219679,0.3504004576659039,0.5334668192219679,0.0,0.0
42,sttl,0,Shellcode,378,0.3941798941798942,0.5105820105820106,0.3941798941798942,0.5105820105820106,0.0,0.0
42,sttl,0,Worms,44,0.38636363636363635,0.4772727272727273,0.38636363636363635,0.4772727272727273,0.0,0.0
42,sttl,2,Analysis,677,0.7769571639586411,0.9926144756277696,0.7769571639586411,0.9926144756277696,0.0,0.0
42,sttl,2,Backdoor,583,0.902229845626072,0.9656946826758147,0.902229845626072,0.9656946826758147,0.0,0.0
42,sttl,2,DoS,4089,0.27879677182685253,0.8256297383223282,0.27879677182685253,0.8256297383223282,0.0,0.0
42,sttl,2,Exploits,11132,0.41699604743083,0.6479518505210204,0.41699604743083,0.647502694933525,0.0,0.00044915558749547557
42,sttl,2,Fuzzers,6062,0.593038601121742,0.5021445067634444,0.592708677004289,0.49934015176509405,0.00032992411745302874,0.0028043549983503002
42,sttl,2,Generic,18871,0.9771607228021832,0.6656774945683853,0.9771607228021832,0.6614381855757512,0.0,0.004239308992634139
42,sttl,2,Reconnaissance,3496,0.3504004576659039,0.5334668192219679,0.3504004576659039,0.5334668192219679,0.0,0.0
42,sttl,2,Shellcode,378,0.3941798941798942,0.5132275132275133,0.3941798941798942,0.5105820105820106,0.0,0.002645502645502673
42,sttl,2,Worms,44,0.38636363636363635,0.4772727272727273,0.38636363636363635,0.4772727272727273,0.0,0.0
42,sttl,5,Analysis,677,0.7769571639586411,0.9926144756277696,0.7769571639586411,0.9926144756277696,0.0,0.0
42,sttl,5,Backdoor,583,0.902229845626072,0.9656946826758147,0.902229845626072,0.9656946826758147,0.0,0.0
42,sttl,5,DoS,4089,0.27879677182685253,0.826118855465884,0.27879677182685253,0.8256297383223282,0.0,0.0004891171435558173
42,sttl,5,Exploits,11132,0.41699604743083,0.648401006108516,0.41699604743083,0.647502694933525,0.0,0.0008983111749910622
42,sttl,5,Fuzzers,6062,0.593038601121742,0.5021445067634444,0.592708677004289,0.49934015176509405,0.00032992411745302874,0.0028043549983503002
42,sttl,5,Generic,18871,0.9771607228021832,0.6657304859307933,0.9771607228021832,0.6614381855757512,0.0,0.0042923003550421335
42,sttl,5,Reconnaissance,3496,0.3504004576659039,0.5334668192219679,0.3504004576659039,0.5334668192219679,0.0,0.0
42,sttl,5,Shellcode,378,0.3941798941798942,0.5132275132275133,0.3941798941798942,0.5105820105820106,0.0,0.002645502645502673
42,sttl,5,Worms,44,0.38636363636363635,0.4772727272727273,0.38636363636363635,0.4772727272727273,0.0,0.0
42,sttl,10,Analysis,677,0.7769571639586411,0.9926144756277696,0.7769571639586411,0.9926144756277696,0.0,0.0
42,sttl,10,Backdoor,583,0.902229845626072,0.9656946826758147,0.902229845626072,0.9656946826758147,0.0,0.0
42,sttl,10,DoS,4089,0.27879677182685253,0.8270970897529959,0.27879677182685253,0.8256297383223282,0.0,0.0014673514306676738
42,sttl,10,Exploits,11132,0.41699604743083,0.6495688106360044,0.41699604743083,0.647502694933525,0.0,0.0020661157024793875
42,sttl,10,Fuzzers,6062,0.593038601121742,0.5021445067634444,0.592708677004289,0.49934015176509405,0.00032992411745302874,0.0028043549983503002
42,sttl,10,Generic,18871,0.9771607228021832,0.6657304859307933,0.9771607228021832,0.6614381855757512,0.0,0.0042923003550421335
42,sttl,10,Reconnaissance,3496,0.3504004576659039,0.5334668192219679,0.3504004576659039,0.5334668192219679,0.0,0.0
42,sttl,10,Shellcode,378,0.3941798941798942,0.5132275132275133,0.3941798941798942,0.5105820105820106,0.0,0.002645502645502673
42,sttl,10,Worms,44,0.38636363636363635,0.4772727272727273,0.38636363636363635,0.4772727272727273,0.0,0.0
42,sttl,15,Analysis,677,0.7769571639586411,0.9926144756277696,0.7769571639586411,0.9926144756277696,0.0,0.0
42,sttl,15,Backdoor,583,0.902229845626072,0.9656946826758147,0.902229845626072,0.9656946826758147,0.0,0.0
42,sttl,15,DoS,4089,0.27879677182685253,0.8275862068965517,0.27879677182685253,0.8256297383223282,0.0,0.001956468574223491
42,sttl,15,Exploits,11132,0.41699604743083,0.6497484728710026,0.41699604743083,0.647502694933525,0.0,0.0022457779374776
42,sttl,15,Fuzzers,6062,0.593038601121742,0.5021445067634444,0.592708677004289,0.49934015176509405,0.00032992411745302874,0.0028043549983503002
42,sttl,15,Generic,18871,0.9771607228021832,0.6657304859307933,0.9771607228021832,0.6614381855757512,0.0,0.0042923003550421335
42,sttl,15,Reconnaissance,3496,0.3504004576659039,0.5334668192219679,0.3504004576659039,0.5334668192219679,0.0,0.0
42,sttl,15,Shellcode,378,0.3941798941798942,0.5132275132275133,0.3941798941798942,0.5105820105820106,0.0,0.002645502645502673
42,sttl,15,Worms,44,0.38636363636363635,0.4772727272727273,0.38636363636363635,0.4772727272727273,0.0,0.0
42,dttl,-15,Analysis,677,0.7769571639586411,0.9571639586410635,0.7769571639586411,0.9926144756277696,0.0,-0.03545051698670609
42,dttl,-15,Backdoor,583,0.902229845626072,0.9519725557461407,0.902229845626072,0.9656946826758147,0.0,-0.013722126929674006
42,dttl,-15,DoS,4089,0.27879677182685253,0.7999510882856444,0.27879677182685253,0.8256297383223282,0.0,-0.025678650036683792
42,dttl,-15,Exploits,11132,0.41699604743083,0.5847107438016529,0.41699604743083,0.647502694933525,0.0,-0.06279195113187208
42,dttl,-15,Fuzzers,6062,0.592708677004289,0.3840316727152755,0.592708677004289,0.49934015176509405,0.0,-0.11530847904981856
42,dttl,-15,Generic,18871,0.9771607228021832,0.6641937364209634,0.9771607228021832,0.6614381855757512,0.0,0.0027555508452121735
42,dttl,-15,Reconnaissance,3496,0.3504004576659039,0.44336384439359267,0.3504004576659039,0.5334668192219679,0.0,-0.09010297482837526
42,dttl,-15,Shellcode,378,0.3941798941798942,0.3968253968253968,0.3941798941798942,0.5105820105820106,0.0,-0.11375661375661378
42,dttl,-15,Worms,44,0.38636363636363635,0.38636363636363635,0.38636363636363635,0.4772727272727273,0.0,-0.09090909090909094
42,dttl,-10,Analysis,677,0.7769571639586411,0.9807976366322009,0.7769571639586411,0.9926144756277696,0.0,-0.011816838995568735
42,dttl,-10,Backdoor,583,0.902229845626072,0.9605488850771869,0.902229845626072,0.9656946826758147,0.0,-0.005145797598627766
42,dttl,-10,DoS,4089,0.27879677182685253,0.8094888725849841,0.27879677182685253,0.8256297383223282,0.0,-0.01614086573734408
42,dttl,-10,Exploits,11132,0.41699604743083,0.6086956521739131,0.41699604743083,0.647502694933525,0.0,-0.03880704275961189
42,dttl,-10,Fuzzers,6062,0.592708677004289,0.4254371494556252,0.592708677004289,0.49934015176509405,0.0,-0.07390300230946883
42,dttl,-10,Generic,18871,0.9771607228021832,0.6661014254676487,0.9771607228021832,0.6614381855757512,0.0,0.0046632398918975415
42,dttl,-10,Reconnaissance,3496,0.3504004576659039,0.4834096109839817,0.3504004576659039,0.5334668192219679,0.0,-0.050057208237986206
42,dttl,-10,Shellcode,378,0.3941798941798942,0.455026455026455,0.3941798941798942,0.5105820105820106,0.0,-0.05555555555555558
42,dttl,-10,Worms,44,0.38636363636363635,0.38636363636363635,0.38636363636363635,0.4772727272727273,0.0,-0.09090909090909094
42,dttl,-5,Analysis,677,0.7769571639586411,0.9896602658788775,0.7769571639586411,0.9926144756277696,0.0,-0.002954209748892156
42,dttl,-5,Backdoor,583,0.902229845626072,0.9639794168096055,0.902229845626072,0.9656946826758147,0.0,-0.0017152658662091813
42,dttl,-5,DoS,4089,0.27879677182685253,0.8173147468818782,0.27879677182685253,0.8256297383223282,0.0,-0.008314991440450004
42,dttl,-5,Exploits,11132,0.41699604743083,0.6277398490837226,0.41699604743083,0.647502694933525,0.0,-0.01976284584980237
42,dttl,-5,Fuzzers,6062,0.592708677004289,0.45694490267238536,0.592708677004289,0.49934015176509405,0.0,-0.0423952490927087
42,dttl,-5,Generic,18871,0.9771607228021832,0.6674792008902549,0.9771607228021832,0.6614381855757512,0.0,0.006041015314503739
42,dttl,-5,Reconnaissance,3496,0.3504004576659039,0.5071510297482837,0.3504004576659039,0.5334668192219679,0.0,-0.02631578947368418
42,dttl,-5,Shellcode,378,0.3941798941798942,0.48677248677248675,0.3941798941798942,0.5105820105820106,0.0,-0.023809523809523836
42,dttl,-5,Worms,44,0.38636363636363635,0.45454545454545453,0.38636363636363635,0.4772727272727273,0.0,-0.022727272727272763
42,dttl,-2,Analysis,677,0.7769571639586411,0.9911373707533235,0.7769571639586411,0.9926144756277696,0.0,-0.001477104874446078
42,dttl,-2,Backdoor,583,0.902229845626072,0.9656946826758147,0.902229845626072,0.9656946826758147,0.0,0.0
42,dttl,-2,DoS,4089,0.27879677182685253,0.8229395940327708,0.27879677182685253,0.8256297383223282,0.0,-0.0026901442895573835
42,dttl,-2,Exploits,11132,0.41699604743083,0.6399568810636004,0.41699604743083,0.647502694933525,0.0,-0.007545813869924589
42,dttl,-2,Fuzzers,6062,0.592708677004289,0.48003959089409437,0.592708677004289,0.49934015176509405,0.0,-0.019300560870999683
42,dttl,-2,Generic,18871,0.9771607228021832,0.6682210799639658,0.9771607228021832,0.6614381855757512,0.0,0.006782894388214666
42,dttl,-2,Reconnaissance,3496,0.3504004576659039,0.5251716247139588,0.3504004576659039,0.5334668192219679,0.0,-0.008295194508009085
42,dttl,-2,Shellcode,378,0.3941798941798942,0.5079365079365079,0.3941798941798942,0.5105820105820106,0.0,-0.002645502645502673
42,dttl,-2,Worms,44,0.38636363636363635,0.4772727272727273,0.38636363636363635,0.4772727272727273,0.0,0.0
42,dttl,0,Analysis,677,0.7769571639586411,0.9926144756277696,0.7769571639586411,0.9926144756277696,0.0,0.0
42,dttl,0,Backdoor,583,0.902229845626072,0.9656946826758147,0.902229845626072,0.9656946826758147,0.0,0.0
42,dttl,0,DoS,4089,0.27879677182685253,0.8256297383223282,0.27879677182685253,0.8256297383223282,0.0,0.0
42,dttl,0,Exploits,11132,0.41699604743083,0.647502694933525,0.41699604743083,0.647502694933525,0.0,0.0
42,dttl,0,Fuzzers,6062,0.592708677004289,0.49934015176509405,0.592708677004289,0.49934015176509405,0.0,0.0
42,dttl,0,Generic,18871,0.9771607228021832,0.6614381855757512,0.9771607228021832,0.6614381855757512,0.0,0.0
42,dttl,0,Reconnaissance,3496,0.3504004576659039,0.5334668192219679,0.3504004576659039,0.5334668192219679,0.0,0.0
42,dttl,0,Shellcode,378,0.3941798941798942,0.5105820105820106,0.3941798941798942,0.5105820105820106,0.0,0.0
42,dttl,0,Worms,44,0.38636363636363635,0.4772727272727273,0.38636363636363635,0.4772727272727273,0.0,0.0
42,dttl,2,Analysis,677,0.7769571639586411,0.9926144756277696,0.7769571639586411,0.9926144756277696,0.0,0.0
42,dttl,2,Backdoor,583,0.902229845626072,0.9656946826758147,0.902229845626072,0.9656946826758147,0.0,0.0
42,dttl,2,DoS,4089,0.27855221325507457,0.8278307654683297,0.27879677182685253,0.8256297383223282,-0.00024455857177796414,0.002201027146001455
42,dttl,2,Exploits,11132,0.4152892561983471,0.6520840819259791,0.41699604743083,0.647502694933525,-0.001706791232482907,0.0045813869924541395
42,dttl,2,Fuzzers,6062,0.592708677004289,0.5161662817551963,0.592708677004289,0.49934015176509405,0.0,0.016826129990102245
42,dttl,2,Generic,18871,0.9771077314397754,0.6689629590376769,0.9771607228021832,0.6614381855757512,-5.299136240788371e-05,0.0075247734619257045
42,dttl,2,Reconnaissance,3496,0.3501144164759725,0.5380434782608695,0.3504004576659039,0.5334668192219679,-0.00028604118993136307,0.004576659038901587
42,dttl,2,Shellcode,378,0.3941798941798942,0.5264550264550265,0.3941798941798942,0.5105820105820106,0.0,0.015873015873015928
42,dttl,2,Worms,44,0.38636363636363635,0.4772727272727273,0.38636363636363635,0.4772727272727273,0.0,0.0
42,dttl,5,Analysis,677,0.7769571639586411,0.9926144756277696,0.7769571639586411,0.9926144756277696,0.0,0.0
42,dttl,5,Backdoor,583,0.902229845626072,0.9656946826758147,0.902229845626072,0.9656946826758147,0.0,0.0
42,dttl,5,DoS,4089,0.27855221325507457,0.8278307654683297,0.27879677182685253,0.8256297383223282,-0.00024455857177796414,0.002201027146001455
42,dttl,5,Exploits,11132,0.4152892561983471,0.6520840819259791,0.41699604743083,0.647502694933525,-0.001706791232482907,0.0045813869924541395
42,dttl,5,Fuzzers,6062,0.592708677004289,0.5161662817551963,0.592708677004289,0.49934015176509405,0.0,0.016826129990102245
42,dttl,5,Generic,18871,0.9771077314397754,0.6689629590376769,0.9771607228021832,0.6614381855757512,-5.299136240788371e-05,0.0075247734619257045
42,dttl,5,Reconnaissance,3496,0.3501144164759725,0.5380434782608695,0.3504004576659039,0.5334668192219679,-0.00028604118993136307,0.004576659038901587
42,dttl,5,Shellcode,378,0.3941798941798942,0.5264550264550265,0.3941798941798942,0.5105820105820106,0.0,0.015873015873015928
42,dttl,5,Worms,44,0.38636363636363635,0.4772727272727273,0.38636363636363635,0.4772727272727273,0.0,0.0
42,dttl,10,Analysis,677,0.7769571639586411,0.9926144756277696,0.7769571639586411,0.9926144756277696,0.0,0.0
42,dttl,10,Backdoor,583,0.902229845626072,0.9656946826758147,0.902229845626072,0.9656946826758147,0.0,0.0
42,dttl,10,DoS,4089,0.27855221325507457,0.8278307654683297,0.27879677182685253,0.8256297383223282,-0.00024455857177796414,0.002201027146001455
42,dttl,10,Exploits,11132,0.4152892561983471,0.6520840819259791,0.41699604743083,0.647502694933525,-0.001706791232482907,0.0045813869924541395
42,dttl,10,Fuzzers,6062,0.592708677004289,0.5161662817551963,0.592708677004289,0.49934015176509405,0.0,0.016826129990102245
42,dttl,10,Generic,18871,0.9771077314397754,0.6689629590376769,0.9771607228021832,0.6614381855757512,-5.299136240788371e-05,0.0075247734619257045
42,dttl,10,Reconnaissance,3496,0.3501144164759725,0.5380434782608695,0.3504004576659039,0.5334668192219679,-0.00028604118993136307,0.004576659038901587
42,dttl,10,Shellcode,378,0.3941798941798942,0.5264550264550265,0.3941798941798942,0.5105820105820106,0.0,0.015873015873015928
42,dttl,10,Worms,44,0.38636363636363635,0.4772727272727273,0.38636363636363635,0.4772727272727273,0.0,0.0
42,dttl,15,Analysis,677,0.7769571639586411,0.9926144756277696,0.7769571639586411,0.9926144756277696,0.0,0.0
42,dttl,15,Backdoor,583,0.902229845626072,0.9656946826758147,0.902229845626072,0.9656946826758147,0.0,0.0
42,dttl,15,DoS,4089,0.27855221325507457,0.8278307654683297,0.27879677182685253,0.8256297383223282,-0.00024455857177796414,0.002201027146001455
42,dttl,15,Exploits,11132,0.4152892561983471,0.6520840819259791,0.41699604743083,0.647502694933525,-0.001706791232482907,0.0045813869924541395
42,dttl,15,Fuzzers,6062,0.592708677004289,0.5161662817551963,0.592708677004289,0.49934015176509405,0.0,0.016826129990102245
42,dttl,15,Generic,18871,0.9771077314397754,0.6689629590376769,0.9771607228021832,0.6614381855757512,-5.299136240788371e-05,0.0075247734619257045
42,dttl,15,Reconnaissance,3496,0.3501144164759725,0.5380434782608695,0.3504004576659039,0.5334668192219679,-0.00028604118993136307,0.004576659038901587
42,dttl,15,Shellcode,378,0.3941798941798942,0.5264550264550265,0.3941798941798942,0.5105820105820106,0.0,0.015873015873015928
42,dttl,15,Worms,44,0.38636363636363635,0.4772727272727273,0.38636363636363635,0.4772727272727273,0.0,0.0
123,sttl,-15,Analysis,677,0.7769571639586411,0.9940915805022157,0.7991137370753324,0.9940915805022157,-0.02215657311669128,0.0
123,sttl,-15,Backdoor,583,0.9108061749571184,0.9639794168096055,0.9193825042881647,0.9656946826758147,-0.00857632933104635,-0.0017152658662091813
123,sttl,-15,DoS,4089,0.38248960626069944,0.8202494497432135,0.46881878209831257,0.8248960626069943,-0.08632917583761313,-0.004646612863780875
123,sttl,-15,Exploits,11132,0.42768595041322316,0.6426518145885735,0.5209306503772907,0.6493891484010061,-0.09324469996406753,-0.006737333812432689
123,sttl,-15,Fuzzers,6062,0.6001319696469812,0.4625536126690861,0.6065654899373144,0.5257340811613329,-0.006433520290333172,-0.06318046849224679
123,sttl,-15,Generic,18871,0.9856923321498595,0.5943511207673149,0.987547029834137,0.8134704043240951,-0.0018546976842774843,-0.21911928355678023
123,sttl,-15,Reconnaissance,3496,0.3687070938215103,0.4653890160183066,0.3801487414187643,0.5263157894736842,-0.011441647597254023,-0.06092677345537756
123,sttl,-15,Shellcode,378,0.3941798941798942,0.4523809523809524,0.3941798941798942,0.5026455026455027,0.0,-0.05026455026455029
123,sttl,-15,Worms,44,0.38636363636363635,0.36363636363636365,0.4090909090909091,0.4772727272727273,-0.022727272727272763,-0.11363636363636365
123,sttl,-10,Analysis,677,0.7769571639586411,0.9940915805022157,0.7991137370753324,0.9940915805022157,-0.02215657311669128,0.0
123,sttl,-10,Backdoor,583,0.9108061749571184,0.9639794168096055,0.9193825042881647,0.9656946826758147,-0.00857632933104635,-0.0017152658662091813
123,sttl,-10,DoS,4089,0.38248960626069944,0.8217168011738811,0.46881878209831257,0.8248960626069943,-0.08632917583761313,-0.0031792614331132008
123,sttl,-10,Exploits,11132,0.42768595041322316,0.6447179302910528,0.5209306503772907,0.6493891484010061,-0.09324469996406753,-0.004671218109953301
123,sttl,-10,Fuzzers,6062,0.6001319696469812,0.48201913559881227,0.6065654899373144,0.5257340811613329,-0.006433520290333172,-0.043714945562520646
123,sttl,-10,Generic,18871,0.9856923321498595,0.680568067405013,0.987547029834137,0.8134704043240951,-0.0018546976842774843,-0.13290233691908215
123,sttl,-10,Reconnaissance,3496,0.3687070938215103,0.4874141876430206,0.3801487414187643,0.5263157894736842,-0.011441647597254023,-0.0389016018306636
123,sttl,-10,Shellcode,378,0.3941798941798942,0.47883597883597884,0.3941798941798942,0.5026455026455027,0.0,-0.023809523809523836
123,sttl,-10,Worms,44,0.38636363636363635,0.4090909090909091,0.4090909090909091,0.4772727272727273,-0.022727272727272763,-0.06818181818181818
123,sttl,-5,Analysis,677,0.7769571639586411,0.9940915805022157,0.7991137370753324,0.9940915805022157,-0.02215657311669128,0.0
123,sttl,-5,Backdoor,583,0.9108061749571184,0.9656946826758147,0.9193825042881647,0.9656946826758147,-0.00857632933104635,0.0
123,sttl,-5,DoS,4089,0.38248960626069944,0.8234287111763268,0.46881878209831257,0.8248960626069943,-0.08632917583761313,-0.0014673514306675628
123,sttl,-5,Exploits,11132,0.42768595041322316,0.6473230326985268,0.5209306503772907,0.6493891484010061,-0.09324469996406753,-0.0020661157024793875
123,sttl,-5,Fuzzers,6062,0.6001319696469812,0.5016496205872649,0.6065654899373144,0.5257340811613329,-0.006433520290333172,-0.02408446057406799
123,sttl,-5,Generic,18871,0.9856923321498595,0.7555508452122304,0.987547029834137,0.8134704043240951,-0.0018546976842774843,-0.05791955911186475
123,sttl,-5,Reconnaissance,3496,0.3687070938215103,0.511441647597254,0.3801487414187643,0.5263157894736842,-0.011441647597254023,-0.014874141876430214
123,sttl,-5,Shellcode,378,0.3941798941798942,0.4973544973544973,0.3941798941798942,0.5026455026455027,0.0,-0.005291005291005346
123,sttl,-5,Worms,44,0.38636363636363635,0.45454545454545453,0.4090909090909091,0.4772727272727273,-0.022727272727272763,-0.022727272727272763
123,sttl,-2,Analysis,677,0.7769571639586411,0.9940915805022157,0.7991137370753324,0.9940915805022157,-0.02215657311669128,0.0
123,sttl,-2,Backdoor,583,0.9108061749571184,0.9656946826758147,0.9193825042881647,0.9656946826758147,-0.00857632933104635,0.0
123,sttl,-2,DoS,4089,0.38248960626069944,0.8246515040352165,0.46881878209831257,0.8248960626069943,-0.08632917583761313,-0.0002445585717778531
123,sttl,-2,Exploits,11132,0.42768595041322316,0.6488501616960115,0.5209306503772907,0.6493891484010061,-0.09324469996406753,-0.0005389867049946373
123,sttl,-2,Fuzzers,6062,0.6001319696469812,0.5168261299901022,0.6065654899373144,0.5257340811613329,-0.006433520290333172,-0.008907951171230666
123,sttl,-2,Generic,18871,0.9856923321498595,0.7941285570452016,0.987547029834137,0.8134704043240951,-0.0018546976842774843,-0.019341847278893542
123,sttl,-2,Reconnaissance,3496,0.3687070938215103,0.5214530892448512,0.3801487414187643,0.5263157894736842,-0.011441647597254023,-0.00486270022883295
123,sttl,-2,Shellcode,378,0.3941798941798942,0.5,0.3941798941798942,0.5026455026455027,0.0,-0.002645502645502673
123,sttl,-2,Worms,44,0.38636363636363635,0.4772727272727273,0.4090909090909091,0.4772727272727273,-0.022727272727272763,0.0
123,sttl,0,Analysis,677,0.7991137370753324,0.9940915805022157,0.7991137370753324,0.9940915805022157,0.0,0.0
123,sttl,0,Backdoor,583,0.9193825042881647,0.9656946826758147,0.9193825042881647,0.9656946826758147,0.0,0.0
123,sttl,0,DoS,4089,0.46881878209831257,0.8248960626069943,0.46881878209831257,0.8248960626069943,0.0,0.0
123,sttl,0,Exploits,11132,0.5209306503772907,0.6493891484010061,0.5209306503772907,0.6493891484010061,0.0,0.0
123,sttl,0,Fuzzers,6062,0.6065654899373144,0.5257340811613329,0.6065654899373144,0.5257340811613329,0.0,0.0
123,sttl,0,Generic,18871,0.987547029834137,0.8134704043240951,0.987547029834137,0.8134704043240951,0.0,0.0
123,sttl,0,Reconnaissance,3496,0.3801487414187643,0.5263157894736842,0.3801487414187643,0.5263157894736842,0.0,0.0
123,sttl,0,Shellcode,378,0.3941798941798942,0.5026455026455027,0.3941798941798942,0.5026455026455027,0.0,0.0
123,sttl,0,Worms,44,0.4090909090909091,0.4772727272727273,0.4090909090909091,0.4772727272727273,0.0,0.0
123,sttl,2,Analysis,677,0.7976366322008862,0.9940915805022157,0.7991137370753324,0.9940915805022157,-0.001477104874446189,0.0
123,sttl,2,Backdoor,583,0.9193825042881647,0.9656946826758147,0.9193825042881647,0.9656946826758147,0.0,0.0
123,sttl,2,DoS,4089,0.458791880655417,0.8251406211787723,0.46881878209831257,0.8248960626069943,-0.010026901442895586,0.00024455857177796414
123,sttl,2,Exploits,11132,0.5177865612648221,0.6497484728710026,0.5209306503772907,0.6493891484010061,-0.003144089112468551,0.00035932446999642487
123,sttl,2,Fuzzers,6062,0.605740679643682,0.5273837017485978,0.6065654899373144,0.5257340811613329,-0.0008248102936324608,0.0016496205872649217
123,sttl,2,Generic,18871,0.987547029834137,0.816490911981347,0.987547029834137,0.8134704043240951,0.0,0.003020507657251925
123,sttl,2,Reconnaissance,3496,0.37871853546910755,0.5268878718535469,0.3801487414187643,0.5263157894736842,-0.0014302059496567598,0.0005720823798627261
123,sttl,2,Shellcode,378,0.3941798941798942,0.5052910052910053,0.3941798941798942,0.5026455026455027,0.0,0.002645502645502673
123,sttl,2,Worms,44,0.4090909090909091,0.4772727272727273,0.4090909090909091,0.4772727272727273,0.0,0.0
123,sttl,5,Analysis,677,0.7976366322008862,0.9940915805022157,0.7991137370753324,0.9940915805022157,-0.001477104874446189,0.0
123,sttl,5,Backdoor,583,0.9193825042881647,0.9656946826758147,0.9193825042881647,0.9656946826758147,0.0,0.0
123,sttl,5,DoS,4089,0.458791880655417,0.8253851797505503,0.46881878209831257,0.8248960626069943,-0.010026901442895586,0.0004891171435559283
123,sttl,5,Exploits,11132,0.5177865612648221,0.6504671218109953,0.5209306503772907,0.6493891484010061,-0.003144089112468551,0.0010779734099891636
123,sttl,5,Fuzzers,6062,0.605740679643682,0.5273837017485978,0.6065654899373144,0.5257340811613329,-0.0008248102936324608,0.0016496205872649217
123,sttl,5,Generic,18871,0.987547029834137,0.816490911981347,0.987547029834137,0.8134704043240951,0.0,0.003020507657251925
123,sttl,5,Reconnaissance,3496,0.37871853546910755,0.5268878718535469,0.3801487414187643,0.5263157894736842,-0.0014302059496567598,0.0005720823798627261
123,sttl,5,Shellcode,378,0.3941798941798942,0.5052910052910053,0.3941798941798942,0.5026455026455027,0.0,0.002645502645502673
123,sttl,5,Worms,44,0.4090909090909091,0.4772727272727273,0.4090909090909091,0.4772727272727273,0.0,0.0
123,sttl,10,Analysis,677,0.7976366322008862,0.9940915805022157,0.7991137370753324,0.9940915805022157,-0.001477104874446189,0.0
123,sttl,10,Backdoor,583,0.9193825042881647,0.9656946826758147,0.9193825042881647,0.9656946826758147,0.0,0.0
123,sttl,10,DoS,4089,0.458791880655417,0.8256297383223282,0.46881878209831257,0.8248960626069943,-0.010026901442895586,0.0007336757153338924
123,sttl,10,Exploits,11132,0.5177865612648221,0.6507366151634927,0.5209306503772907,0.6493891484010061,-0.003144089112468551,0.0013474667624865377
123,sttl,10,Fuzzers,6062,0.605740679643682,0.5273837017485978,0.6065654899373144,0.5257340811613329,-0.0008248102936324608,0.0016496205872649217
123,sttl,10,Generic,18871,0.987547029834137,0.8165968947061629,0.987547029834137,0.8134704043240951,0.0,0.0031264903820678036
123,sttl,10,Reconnaissance,3496,0.37871853546910755,0.5268878718535469,0.3801487414187643,0.5263157894736842,-0.0014302059496567598,0.0005720823798627261
123,sttl,10,Shellcode,378,0.3941798941798942,0.5052910052910053,0.3941798941798942,0.5026455026455027,0.0,0.002645502645502673
123,sttl,10,Worms,44,0.4090909090909091,0.4772727272727273,0.4090909090909091,0.4772727272727273,0.0,0.0
123,sttl,15,Analysis,677,0.7976366322008862,0.9940915805022157,0.7991137370753324,0.9940915805022157,-0.001477104874446189,0.0
123,sttl,15,Backdoor,583,0.9193825042881647,0.9656946826758147,0.9193825042881647,0.9656946826758147,0.0,0.0
123,sttl,15,DoS,4089,0.458791880655417,0.8258742968941062,0.46881878209831257,0.8248960626069943,-0.010026901442895586,0.0009782342871118566
123,sttl,15,Exploits,11132,0.5177865612648221,0.651904419690981,0.5209306503772907,0.6493891484010061,-0.003144089112468551,0.002515271289974863
123,sttl,15,Fuzzers,6062,0.605740679643682,0.5273837017485978,0.6065654899373144,0.5257340811613329,-0.0008248102936324608,0.0016496205872649217
123,sttl,15,Generic,18871,0.987547029834137,0.8165968947061629,0.987547029834137,0.8134704043240951,0.0,0.0031264903820678036
123,sttl,15,Reconnaissance,3496,0.37871853546910755,0.5268878718535469,0.3801487414187643,0.5263157894736842,-0.0014302059496567598,0.0005720823798627261
123,sttl,15,Shellcode,378,0.3941798941798942,0.5052910052910053,0.3941798941798942,0.5026455026455027,0.0,0.002645502645502673
123,sttl,15,Worms,44,0.4090909090909091,0.4772727272727273,0.4090909090909091,0.4772727272727273,0.0,0.0
123,dttl,-15,Analysis,677,0.7991137370753324,0.9423929098966026,0.7991137370753324,0.9940915805022157,0.0,-0.05169867060561306
123,dttl,-15,Backdoor,583,0.9193825042881647,0.9382504288164666,0.9193825042881647,0.9656946826758147,0.0,-0.027444253859348122
123,dttl,-15,DoS,4089,0.46881878209831257,0.7940816825629738,0.46881878209831257,0.8248960626069943,0.0,-0.030814380044020484
123,dttl,-15,Exploits,11132,0.5209306503772907,0.5639597556593604,0.5209306503772907,0.6493891484010061,0.0,-0.08542939274164574
123,dttl,-15,Fuzzers,6062,0.6065654899373144,0.39194985153414713,0.6065654899373144,0.5257340811613329,0.0,-0.13378422962718578
123,dttl,-15,Generic,18871,0.987547029834137,0.8132054475120556,0.987547029834137,0.8134704043240951,0.0,-0.0002649568120395296
123,dttl,-15,Reconnaissance,3496,0.3801487414187643,0.41418764302059496,0.3801487414187643,0.5263157894736842,0.0,-0.11212814645308922
123,dttl,-15,Shellcode,378,0.3941798941798942,0.3835978835978836,0.3941798941798942,0.5026455026455027,0.0,-0.11904761904761907
123,dttl,-15,Worms,44,0.4090909090909091,0.2727272727272727,0.4090909090909091,0.4772727272727273,0.0,-0.20454545454545459
123,dttl,-10,Analysis,677,0.7991137370753324,0.9704579025110783,0.7991137370753324,0.9940915805022157,0.0,-0.02363367799113736
123,dttl,-10,Backdoor,583,0.9193825042881647,0.9536878216123499,0.9193825042881647,0.9656946826758147,0.0,-0.012006861063464824
123,dttl,-10,DoS,4089,0.46881878209831257,0.8041085840058694,0.46881878209831257,0.8248960626069943,0.0,-0.020787478601124953
123,dttl,-10,Exploits,11132,0.5209306503772907,0.5962091268415379,0.5209306503772907,0.6493891484010061,0.0,-0.053180021559468216
123,dttl,-10,Fuzzers,6062,0.6065654899373144,0.43335532827449685,0.6065654899373144,0.5257340811613329,0.0,-0.09237875288683606
123,dttl,-10,Generic,18871,0.987547029834137,0.8147421970218854,0.987547029834137,0.8134704043240951,0.0,0.0012717926977903193
123,dttl,-10,Reconnaissance,3496,0.3801487414187643,0.4633867276887872,0.3801487414187643,0.5263157894736842,0.0,-0.06292906178489699
123,dttl,-10,Shellcode,378,0.3941798941798942,0.43915343915343913,0.3941798941798942,0.5026455026455027,0.0,-0.06349206349206354
123,dttl,-10,Worms,44,0.4090909090909091,0.3181818181818182,0.4090909090909091,0.4772727272727273,0.0,-0.15909090909090912
123,dttl,-5,Analysis,677,0.7991137370753324,0.9881831610044313,0.7991137370753324,0.9940915805022157,0.0,-0.005908419497784423
123,dttl,-5,Backdoor,583,0.9193825042881647,0.9622641509433962,0.9193825042881647,0.9656946826758147,0.0,-0.0034305317324184736
123,dttl,-5,DoS,4089,0.46881878209831257,0.8121790168745414,0.46881878209831257,0.8248960626069943,0.0,-0.012717045732452914
123,dttl,-5,Exploits,11132,0.5209306503772907,0.6226194753862738,0.5209306503772907,0.6493891484010061,0.0,-0.02676967301473232
123,dttl,-5,Fuzzers,6062,0.6065654899373144,0.4666776641372484,0.6065654899373144,0.5257340811613329,0.0,-0.059056417024084484
123,dttl,-5,Generic,18871,0.987547029834137,0.8162789465317153,0.987547029834137,0.8134704043240951,0.0,0.0028085422076201683
123,dttl,-5,Reconnaissance,3496,0.3801487414187643,0.4965675057208238,0.3801487414187643,0.5263157894736842,0.0,-0.02974828375286037
123,dttl,-5,Shellcode,378,0.3941798941798942,0.4656084656084656,0.3941798941798942,0.5026455026455027,0.0,-0.03703703703703709
123,dttl,-5,Worms,44,0.4090909090909091,0.36363636363636365,0.4090909090909091,0.4772727272727273,0.0,-0.11363636363636365
123,dttl,-2,Analysis,677,0.7991137370753324,0.9940915805022157,0.7991137370753324,0.9940915805022157,0.0,0.0
123,dttl,-2,Backdoor,583,0.9193825042881647,0.9639794168096055,0.9193825042881647,0.9656946826758147,0.0,-0.0017152658662091813
123,dttl,-2,DoS,4089,0.46881878209831257,0.8212276840303253,0.46881878209831257,0.8248960626069943,0.0,-0.003668378576669018
123,dttl,-2,Exploits,11132,0.5209306503772907,0.6408551922385914,0.5209306503772907,0.6493891484010061,0.0,-0.008533956162414702
123,dttl,-2,Fuzzers,6062,0.6065654899373144,0.49818541735400856,0.6065654899373144,0.5257340811613329,0.0,-0.027548663807324347
123,dttl,-2,Generic,18871,0.987547029834137,0.8168088601557946,0.987547029834137,0.8134704043240951,0.0,0.0033384558316994495
123,dttl,-2,Reconnaissance,3496,0.3801487414187643,0.5188787185354691,0.3801487414187643,0.5263157894736842,0.0,-0.007437070938215107
123,dttl,-2,Shellcode,378,0.3941798941798942,0.48677248677248675,0.3941798941798942,0.5026455026455027,0.0,-0.015873015873015928
123,dttl,-2,Worms,44,0.4090909090909091,0.4090909090909091,0.4090909090909091,0.4772727272727273,0.0,-0.06818181818181818
123,dttl,0,Analysis,677,0.7991137370753324,0.9940915805022157,0.7991137370753324,0.9940915805022157,0.0,0.0
123,dttl,0,Backdoor,583,0.9193825042881647,0.9656946826758147,0.9193825042881647,0.9656946826758147,0.0,0.0
123,dttl,0,DoS,4089,0.46881878209831257,0.8248960626069943,0.46881878209831257,0.8248960626069943,0.0,0.0
123,dttl,0,Exploits,11132,0.5209306503772907,0.6493891484010061,0.5209306503772907,0.6493891484010061,0.0,0.0
123,dttl,0,Fuzzers,6062,0.6065654899373144,0.5257340811613329,0.6065654899373144,0.5257340811613329,0.0,0.0
123,dttl,0,Generic,18871,0.987547029834137,0.8134704043240951,0.987547029834137,0.8134704043240951,0.0,0.0
123,dttl,0,Reconnaissance,3496,0.3801487414187643,0.5263157894736842,0.3801487414187643,0.5263157894736842,0.0,0.0
123,dttl,0,Shellcode,378,0.3941798941798942,0.5026455026455027,0.3941798941798942,0.5026455026455027,0.0,0.0
123,dttl,0,Worms,44,0.4090909090909091,0.4772727272727273,0.4090909090909091,0.4772727272727273,0.0,0.0
123,dttl,2,Analysis,677,0.7991137370753324,0.9940915805022157,0.7991137370753324,0.9940915805022157,0.0,0.0
123,dttl,2,Backdoor,583,0.9193825042881647,0.9656946826758147,0.9193825042881647,0.9656946826758147,0.0,0.0
123,dttl,2,DoS,4089,0.46808510638297873,0.826363414037662,0.46881878209831257,0.8248960626069943,-0.0007336757153338369,0.0014673514306676738
123,dttl,2,Exploits,11132,0.5189543657923105,0.6540603665109594,0.5209306503772907,0.6493891484010061,-0.0019762845849802257,0.004671218109953301
123,dttl,2,Fuzzers,6062,0.6065654899373144,0.5427251732101617,0.6065654899373144,0.5257340811613329,0.0,0.01699109204882876
123,dttl,2,Generic,18871,0.9874940384717291,0.8176567219543215,0.987547029834137,0.8134704043240951,-5.299136240788371e-05,0.004186317630226366
123,dttl,2,Reconnaissance,3496,0.37986270022883295,0.532608695652174,0.3801487414187643,0.5263157894736842,-0.00028604118993136307,0.0062929061784897655
123,dttl,2,Shellcode,378,0.3941798941798942,0.5158730158730159,0.3941798941798942,0.5026455026455027,0.0,0.013227513227513255
123,dttl,2,Worms,44,0.38636363636363635,0.5,0.4090909090909091,0.4772727272727273,-0.022727272727272763,0.022727272727272707
123,dttl,5,Analysis,677,0.7991137370753324,0.9940915805022157,0.7991137370753324,0.9940915805022157,0.0,0.0
123,dttl,5,Backdoor,583,0.9193825042881647,0.9656946826758147,0.9193825042881647,0.9656946826758147,0.0,0.0
123,dttl,5,DoS,4089,0.46808510638297873,0.826363414037662,0.46881878209831257,0.8248960626069943,-0.0007336757153338369,0.0014673514306676738
123,dttl,5,Exploits,11132,0.5189543657923105,0.6540603665109594,0.5209306503772907,0.6493891484010061,-0.0019762845849802257,0.004671218109953301
123,dttl,5,Fuzzers,6062,0.6065654899373144,0.5427251732101617,0.6065654899373144,0.5257340811613329,0.0,0.01699109204882876
123,dttl,5,Generic,18871,0.9874940384717291,0.8176567219543215,0.987547029834137,0.8134704043240951,-5.299136240788371e-05,0.004186317630226366
123,dttl,5,Reconnaissance,3496,0.37986270022883295,0.532608695652174,0.3801487414187643,0.5263157894736842,-0.00028604118993136307,0.0062929061784897655
123,dttl,5,Shellcode,378,0.3941798941798942,0.5158730158730159,0.3941798941798942,0.5026455026455027,0.0,0.013227513227513255
123,dttl,5,Worms,44,0.38636363636363635,0.5,0.4090909090909091,0.4772727272727273,-0.022727272727272763,0.022727272727272707
123,dttl,10,Analysis,677,0.7991137370753324,0.9940915805022157,0.7991137370753324,0.9940915805022157,0.0,0.0
123,dttl,10,Backdoor,583,0.9193825042881647,0.9656946826758147,0.9193825042881647,0.9656946826758147,0.0,0.0
123,dttl,10,DoS,4089,0.46808510638297873,0.826363414037662,0.46881878209831257,0.8248960626069943,-0.0007336757153338369,0.0014673514306676738
123,dttl,10,Exploits,11132,0.5189543657923105,0.6540603665109594,0.5209306503772907,0.6493891484010061,-0.0019762845849802257,0.004671218109953301
123,dttl,10,Fuzzers,6062,0.6065654899373144,0.5427251732101617,0.6065654899373144,0.5257340811613329,0.0,0.01699109204882876
123,dttl,10,Generic,18871,0.9874940384717291,0.8176567219543215,0.987547029834137,0.8134704043240951,-5.299136240788371e-05,0.004186317630226366
123,dttl,10,Reconnaissance,3496,0.37986270022883295,0.532608695652174,0.3801487414187643,0.5263157894736842,-0.00028604118993136307,0.0062929061784897655
123,dttl,10,Shellcode,378,0.3941798941798942,0.5158730158730159,0.3941798941798942,0.5026455026455027,0.0,0.013227513227513255
123,dttl,10,Worms,44,0.38636363636363635,0.5,0.4090909090909091,0.4772727272727273,-0.022727272727272763,0.022727272727272707
123,dttl,15,Analysis,677,0.7991137370753324,0.9940915805022157,0.7991137370753324,0.9940915805022157,0.0,0.0
123,dttl,15,Backdoor,583,0.9193825042881647,0.9656946826758147,0.9193825042881647,0.9656946826758147,0.0,0.0
123,dttl,15,DoS,4089,0.46808510638297873,0.826363414037662,0.46881878209831257,0.8248960626069943,-0.0007336757153338369,0.0014673514306676738
123,dttl,15,Exploits,11132,0.5189543657923105,0.6540603665109594,0.5209306503772907,0.6493891484010061,-0.0019762845849802257,0.004671218109953301
123,dttl,15,Fuzzers,6062,0.6065654899373144,0.5427251732101617,0.6065654899373144,0.5257340811613329,0.0,0.01699109204882876
123,dttl,15,Generic,18871,0.9874940384717291,0.8176567219543215,0.987547029834137,0.8134704043240951,-5.299136240788371e-05,0.004186317630226366
123,dttl,15,Reconnaissance,3496,0.37986270022883295,0.532608695652174,0.3801487414187643,0.5263157894736842,-0.00028604118993136307,0.0062929061784897655
123,dttl,15,Shellcode,378,0.3941798941798942,0.5158730158730159,0.3941798941798942,0.5026455026455027,0.0,0.013227513227513255
123,dttl,15,Worms,44,0.38636363636363635,0.5,0.4090909090909091,0.4772727272727273,-0.022727272727272763,0.022727272727272707
2026,sttl,-15,Analysis,677,0.7828655834564254,0.7725258493353028,0.7858197932053176,0.7754800590841949,-0.002954209748892156,-0.002954209748892156
2026,sttl,-15,Backdoor,583,0.9125214408233276,0.8987993138936535,0.9193825042881647,0.9005145797598628,-0.006861063464837058,-0.0017152658662092923
2026,sttl,-15,DoS,4089,0.32452922474932744,0.30276351186109074,0.3763756419662509,0.33944729762778186,-0.05184641721692346,-0.036683785766691124
2026,sttl,-15,Exploits,11132,0.42184692777578153,0.44035213798059647,0.5514732303269853,0.45427596119295727,-0.12962630255120372,-0.013923823212360797
2026,sttl,-15,Fuzzers,6062,0.5965028043549984,0.4320356318046849,0.5983173870009898,0.4577697129660178,-0.001814582645991436,-0.02573408116133291
2026,sttl,-15,Generic,18871,0.9870171162100577,0.39303693497959835,0.9884478829950718,0.39346086587886175,-0.0014307667850140815,-0.00042393089926340277
2026,sttl,-15,Reconnaissance,3496,0.35697940503432496,0.34639588100686497,0.3641304347826087,0.3715675057208238,-0.007151029748283744,-0.02517162471395884
2026,sttl,-15,Shellcode,378,0.3941798941798942,0.3888888888888889,0.3941798941798942,0.3888888888888889,0.0,0.0
2026,sttl,-15,Worms,44,0.4772727272727273,0.3409090909090909,0.4772727272727273,0.3409090909090909,0.0,0.0
2026,sttl,-10,Analysis,677,0.7828655834564254,0.7725258493353028,0.7858197932053176,0.7754800590841949,-0.002954209748892156,-0.002954209748892156
2026,sttl,-10,Backdoor,583,0.9125214408233276,0.8970840480274442,0.9193825042881647,0.9005145797598628,-0.006861063464837058,-0.0034305317324185847
2026,sttl,-10,DoS,4089,0.32452922474932744,0.3132795304475422,0.3763756419662509,0.33944729762778186,-0.05184641721692346,-0.026167767180239665
2026,sttl,-10,Exploits,11132,0.42184692777578153,0.44466403162055335,0.5514732303269853,0.45427596119295727,-0.12962630255120372,-0.009611929572403921
2026,sttl,-10,Fuzzers,6062,0.5965028043549984,0.4376443418013857,0.5983173870009898,0.4577697129660178,-0.001814582645991436,-0.020125371164632144
2026,sttl,-10,Generic,18871,0.9870171162100577,0.3929839436171904,0.9884478829950718,0.39346086587886175,-0.0014307667850140815,-0.000476922261671342
2026,sttl,-10,Reconnaissance,3496,0.35697940503432496,0.35812356979405036,0.3641304347826087,0.3715675057208238,-0.007151029748283744,-0.013443935926773454
2026,sttl,-10,Shellcode,378,0.3941798941798942,0.3968253968253968,0.3941798941798942,0.3888888888888889,0.0,0.007936507936507908
2026,sttl,-10,Worms,44,0.4772727272727273,0.3409090909090909,0.4772727272727273,0.3409090909090909,0.0,0.0
2026,sttl,-5,Analysis,677,0.7828655834564254,0.7740029542097489,0.7858197932053176,0.7754800590841949,-0.002954209748892156,-0.001477104874446078
2026,sttl,-5,Backdoor,583,0.9125214408233276,0.8987993138936535,0.9193825042881647,0.9005145797598628,-0.006861063464837058,-0.0017152658662092923
2026,sttl,-5,DoS,4089,0.32452922474932744,0.3262411347517731,0.3763756419662509,0.33944729762778186,-0.05184641721692346,-0.013206162876008787
2026,sttl,-5,Exploits,11132,0.42184692777578153,0.44933524973050665,0.5514732303269853,0.45427596119295727,-0.12962630255120372,-0.00494071146245062
2026,sttl,-5,Fuzzers,6062,0.5965028043549984,0.4440778620917189,0.5983173870009898,0.4577697129660178,-0.001814582645991436,-0.013691850874298916
2026,sttl,-5,Generic,18871,0.9870171162100577,0.39303693497959835,0.9884478829950718,0.39346086587886175,-0.0014307667850140815,-0.00042393089926340277
2026,sttl,-5,Reconnaissance,3496,0.35697940503432496,0.3647025171624714,0.3641304347826087,0.3715675057208238,-0.007151029748283744,-0.006864988558352436
2026,sttl,-5,Shellcode,378,0.3941798941798942,0.3941798941798942,0.3941798941798942,0.3888888888888889,0.0,0.005291005291005291
2026,sttl,-5,Worms,44,0.4772727272727273,0.3409090909090909,0.4772727272727273,0.3409090909090909,0.0,0.0
2026,sttl,-2,Analysis,677,0.7828655834564254,0.7740029542097489,0.7858197932053176,0.7754800590841949,-0.002954209748892156,-0.001477104874446078
2026,sttl,-2,Backdoor,583,0.9125214408233276,0.9005145797598628,0.9193825042881647,0.9005145797598628,-0.006861063464837058,0.0
2026,sttl,-2,DoS,4089,0.32452922474932744,0.3343115676204451,0.3763756419662509,0.33944729762778186,-0.05184641721692346,-0.005135730007336747
2026,sttl,-2,Exploits,11132,0.42184692777578153,0.4514911965504851,0.5514732303269853,0.45427596119295727,-0.12962630255120372,-0.0027847646424721817
2026,sttl,-2,Fuzzers,6062,0.5965028043549984,0.4519960409105906,0.5983173870009898,0.4577697129660178,-0.001814582645991436,-0.005773672055427226
2026,sttl,-2,Generic,18871,0.9870171162100577,0.39346086587886175,0.9884478829950718,0.39346086587886175,-0.0014307667850140815,0.0
2026,sttl,-2,Reconnaissance,3496,0.35697940503432496,0.3687070938215103,0.3641304347826087,0.3715675057208238,-0.007151029748283744,-0.0028604118993135197
2026,sttl,-2,Shellcode,378,0.3941798941798942,0.3888888888888889,0.3941798941798942,0.3888888888888889,0.0,0.0
2026,sttl,-2,Worms,44,0.4772727272727273,0.3409090909090909,0.4772727272727273,0.3409090909090909,0.0,0.0
2026,sttl,0,Analysis,677,0.7858197932053176,0.7754800590841949,0.7858197932053176,0.7754800590841949,0.0,0.0
2026,sttl,0,Backdoor,583,0.9193825042881647,0.9005145797598628,0.9193825042881647,0.9005145797598628,0.0,0.0
2026,sttl,0,DoS,4089,0.3763756419662509,0.33944729762778186,0.3763756419662509,0.33944729762778186,0.0,0.0
2026,sttl,0,Exploits,11132,0.5514732303269853,0.45427596119295727,0.5514732303269853,0.45427596119295727,0.0,0.0
2026,sttl,0,Fuzzers,6062,0.5983173870009898,0.4577697129660178,0.5983173870009898,0.4577697129660178,0.0,0.0
2026,sttl,0,Generic,18871,0.9884478829950718,0.39346086587886175,0.9884478829950718,0.39346086587886175,0.0,0.0
2026,sttl,0,Reconnaissance,3496,0.3641304347826087,0.3715675057208238,0.3641304347826087,0.3715675057208238,0.0,0.0
2026,sttl,0,Shellcode,378,0.3941798941798942,0.3888888888888889,0.3941798941798942,0.3888888888888889,0.0,0.0
2026,sttl,0,Worms,44,0.4772727272727273,0.3409090909090909,0.4772727272727273,0.3409090909090909,0.0,0.0
2026,sttl,2,Analysis,677,0.7828655834564254,0.7754800590841949,0.7858197932053176,0.7754800590841949,-0.002954209748892156,0.0
2026,sttl,2,Backdoor,583,0.9176672384219554,0.9005145797598628,0.9193825042881647,0.9005145797598628,-0.0017152658662092923,0.0
2026,sttl,2,DoS,4089,0.3533871362191245,0.3406700904866716,0.3763756419662509,0.33944729762778186,-0.02298850574712641,0.0012227928588897097
2026,sttl,2,Exploits,11132,0.5445562342795545,0.4553539346029465,0.5514732303269853,0.45427596119295727,-0.00691699604743079,0.001077973409989219
2026,sttl,2,Fuzzers,6062,0.5966677664137249,0.45941933355328274,0.5983173870009898,0.4577697129660178,-0.0016496205872649217,0.0016496205872649217
2026,sttl,2,Generic,18871,0.988288908907848,0.3934078745164538,0.9884478829950718,0.39346086587886175,-0.00015897408722376216,-5.2991362407939224e-05
2026,sttl,2,Reconnaissance,3496,0.3609839816933638,0.3721395881006865,0.3641304347826087,0.3715675057208238,-0.0031464530892448828,0.0005720823798626706
2026,sttl,2,Shellcode,378,0.3941798941798942,0.3888888888888889,0.3941798941798942,0.3888888888888889,0.0,0.0
2026,sttl,2,Worms,44,0.4772727272727273,0.3409090909090909,0.4772727272727273,0.3409090909090909,0.0,0.0
2026,sttl,5,Analysis,677,0.7828655834564254,0.7754800590841949,0.7858197932053176,0.7754800590841949,-0.002954209748892156,0.0
2026,sttl,5,Backdoor,583,0.9176672384219554,0.9005145797598628,0.9193825042881647,0.9005145797598628,-0.0017152658662092923,0.0
2026,sttl,5,DoS,4089,0.3533871362191245,0.3409146490584495,0.3763756419662509,0.33944729762778186,-0.02298850574712641,0.0014673514306676183
2026,sttl,5,Exploits,11132,0.5445562342795545,0.45589292130794107,0.5514732303269853,0.45427596119295727,-0.00691699604743079,0.0016169601149838009
2026,sttl,5,Fuzzers,6062,0.5966677664137249,0.45941933355328274,0.5983173870009898,0.4577697129660178,-0.0016496205872649217,0.0016496205872649217
2026,sttl,5,Generic,18871,0.988288908907848,0.3934078745164538,0.9884478829950718,0.39346086587886175,-0.00015897408722376216,-5.2991362407939224e-05
2026,sttl,5,Reconnaissance,3496,0.3609839816933638,0.3721395881006865,0.3641304347826087,0.3715675057208238,-0.0031464530892448828,0.0005720823798626706
2026,sttl,5,Shellcode,378,0.3941798941798942,0.3888888888888889,0.3941798941798942,0.3888888888888889,0.0,0.0
2026,sttl,5,Worms,44,0.4772727272727273,0.3409090909090909,0.4772727272727273,0.3409090909090909,0.0,0.0
2026,sttl,10,Analysis,677,0.7828655834564254,0.7754800590841949,0.7858197932053176,0.7754800590841949,-0.002954209748892156,0.0
2026,sttl,10,Backdoor,583,0.9176672384219554,0.9005145797598628,0.9193825042881647,0.9005145797598628,-0.0017152658662092923,0.0
2026,sttl,10,DoS,4089,0.3533871362191245,0.3409146490584495,0.3763756419662509,0.33944729762778186,-0.02298850574712641,0.0014673514306676183
2026,sttl,10,Exploits,11132,0.5445562342795545,0.4562522457779375,0.5514732303269853,0.45427596119295727,-0.00691699604743079,0.0019762845849802257
2026,sttl,10,Fuzzers,6062,0.5966677664137249,0.45941933355328274,0.5983173870009898,0.4577697129660178,-0.0016496205872649217,0.0016496205872649217
2026,sttl,10,Generic,18871,0.988288908907848,0.3934078745164538,0.9884478829950718,0.39346086587886175,-0.00015897408722376216,-5.2991362407939224e-05
2026,sttl,10,Reconnaissance,3496,0.3609839816933638,0.3721395881006865,0.3641304347826087,0.3715675057208238,-0.0031464530892448828,0.0005720823798626706
2026,sttl,10,Shellcode,378,0.3941798941798942,0.3888888888888889,0.3941798941798942,0.3888888888888889,0.0,0.0
2026,sttl,10,Worms,44,0.4772727272727273,0.3409090909090909,0.4772727272727273,0.3409090909090909,0.0,0.0
2026,sttl,15,Analysis,677,0.7828655834564254,0.7754800590841949,0.7858197932053176,0.7754800590841949,-0.002954209748892156,0.0
2026,sttl,15,Backdoor,583,0.9176672384219554,0.9005145797598628,0.9193825042881647,0.9005145797598628,-0.0017152658662092923,0.0
2026,sttl,15,DoS,4089,0.3533871362191245,0.3409146490584495,0.3763756419662509,0.33944729762778186,-0.02298850574712641,0.0014673514306676183
2026,sttl,15,Exploits,11132,0.5445562342795545,0.4570607258354294,0.5514732303269853,0.45427596119295727,-0.00691699604743079,0.002784764642472126
2026,sttl,15,Fuzzers,6062,0.5966677664137249,0.45941933355328274,0.5983173870009898,0.4577697129660178,-0.0016496205872649217,0.0016496205872649217
2026,sttl,15,Generic,18871,0.988288908907848,0.3935138572412697,0.9884478829950718,0.39346086587886175,-0.00015897408722376216,5.2991362407939224e-05
2026,sttl,15,Reconnaissance,3496,0.3609839816933638,0.3721395881006865,0.3641304347826087,0.3715675057208238,-0.0031464530892448828,0.0005720823798626706
2026,sttl,15,Shellcode,378,0.3941798941798942,0.3888888888888889,0.3941798941798942,0.3888888888888889,0.0,0.0
2026,sttl,15,Worms,44,0.4772727272727273,0.3409090909090909,0.4772727272727273,0.3409090909090909,0.0,0.0
2026,dttl,-15,Analysis,677,0.7858197932053176,0.7754800590841949,0.7858197932053176,0.7754800590841949,0.0,0.0
2026,dttl,-15,Backdoor,583,0.9193825042881647,0.8799313893653516,0.9193825042881647,0.9005145797598628,0.0,-0.020583190394511175
2026,dttl,-15,DoS,4089,0.3763756419662509,0.31841526045487895,0.3763756419662509,0.33944729762778186,0.0,-0.021032037172902918
2026,dttl,-15,Exploits,11132,0.5514732303269853,0.3795364714337046,0.5514732303269853,0.45427596119295727,0.0,-0.07473948975925265
2026,dttl,-15,Fuzzers,6062,0.5983173870009898,0.36407126360936987,0.5983173870009898,0.4577697129660178,0.0,-0.09369844935664795
2026,dttl,-15,Generic,18871,0.9884478829950718,0.38810873827566106,0.9884478829950718,0.39346086587886175,0.0,-0.005352127603200696
2026,dttl,-15,Reconnaissance,3496,0.3641304347826087,0.2877574370709382,0.3641304347826087,0.3715675057208238,0.0,-0.0838100686498856
2026,dttl,-15,Shellcode,378,0.3941798941798942,0.3201058201058201,0.3941798941798942,0.3888888888888889,0.0,-0.06878306878306878
2026,dttl,-15,Worms,44,0.4772727272727273,0.22727272727272727,0.4772727272727273,0.3409090909090909,0.0,-0.11363636363636362
2026,dttl,-10,Analysis,677,0.7858197932053176,0.7769571639586411,0.7858197932053176,0.7754800590841949,0.0,0.001477104874446189
2026,dttl,-10,Backdoor,583,0.9193825042881647,0.8833619210977701,0.9193825042881647,0.9005145797598628,0.0,-0.0171526586620927
2026,dttl,-10,DoS,4089,0.3763756419662509,0.3252629004646613,0.3763756419662509,0.33944729762778186,0.0,-0.014184397163120588
2026,dttl,-10,Exploits,11132,0.5514732303269853,0.4061264822134387,0.5514732303269853,0.45427596119295727,0.0,-0.048149478979518545
2026,dttl,-10,Fuzzers,6062,0.5983173870009898,0.3932695480039591,0.5983173870009898,0.4577697129660178,0.0,-0.06450016496205874
2026,dttl,-10,Generic,18871,0.9884478829950718,0.38985745323512266,0.9884478829950718,0.39346086587886175,0.0,-0.00360341264373909
2026,dttl,-10,Reconnaissance,3496,0.3641304347826087,0.3100686498855835,0.3641304347826087,0.3715675057208238,0.0,-0.061498855835240285
2026,dttl,-10,Shellcode,378,0.3941798941798942,0.3439153439153439,0.3941798941798942,0.3888888888888889,0.0,-0.044973544973545
2026,dttl,-10,Worms,44,0.4772727272727273,0.25,0.4772727272727273,0.3409090909090909,0.0,-0.09090909090909088
2026,dttl,-5,Analysis,677,0.7858197932053176,0.7769571639586411,0.7858197932053176,0.7754800590841949,0.0,0.001477104874446189
2026,dttl,-5,Backdoor,583,0.9193825042881647,0.8936535162950258,0.9193825042881647,0.9005145797598628,0.0,-0.006861063464837058
2026,dttl,-5,DoS,4089,0.3763756419662509,0.3335778919051113,0.3763756419662509,0.33944729762778186,0.0,-0.005869405722670584
2026,dttl,-5,Exploits,11132,0.5514732303269853,0.4317283507006827,0.5514732303269853,0.45427596119295727,0.0,-0.02254761049227455
2026,dttl,-5,Fuzzers,6062,0.5983173870009898,0.41718904651930055,0.5983173870009898,0.4577697129660178,0.0,-0.04058066644671726
2026,dttl,-5,Generic,18871,0.9884478829950718,0.39150018546976845,0.9884478829950718,0.39346086587886175,0.0,-0.001960680409093307
2026,dttl,-5,Reconnaissance,3496,0.3641304347826087,0.33581235697940504,0.3641304347826087,0.3715675057208238,0.0,-0.035755148741418774
2026,dttl,-5,Shellcode,378,0.3941798941798942,0.35185185185185186,0.3941798941798942,0.3888888888888889,0.0,-0.037037037037037035
2026,dttl,-5,Worms,44,0.4772727272727273,0.29545454545454547,0.4772727272727273,0.3409090909090909,0.0,-0.045454545454545414
2026,dttl,-2,Analysis,677,0.7858197932053176,0.7769571639586411,0.7858197932053176,0.7754800590841949,0.0,0.001477104874446189
2026,dttl,-2,Backdoor,583,0.9193825042881647,0.8987993138936535,0.9193825042881647,0.9005145797598628,0.0,-0.0017152658662092923
2026,dttl,-2,DoS,4089,0.3763756419662509,0.3409146490584495,0.3763756419662509,0.33944729762778186,0.0,0.0014673514306676183
2026,dttl,-2,Exploits,11132,0.5514732303269853,0.4464606539705354,0.5514732303269853,0.45427596119295727,0.0,-0.007815307222421852
2026,dttl,-2,Fuzzers,6062,0.5983173870009898,0.4430880897393599,0.5983173870009898,0.4577697129660178,0.0,-0.014681623226657892
2026,dttl,-2,Generic,18871,0.9884478829950718,0.39271898680515077,0.9884478829950718,0.39346086587886175,0.0,-0.0007418790737109826
2026,dttl,-2,Reconnaissance,3496,0.3641304347826087,0.3609839816933638,0.3641304347826087,0.3715675057208238,0.0,-0.01058352402745999
2026,dttl,-2,Shellcode,378,0.3941798941798942,0.38095238095238093,0.3941798941798942,0.3888888888888889,0.0,-0.007936507936507964
2026,dttl,-2,Worms,44,0.4772727272727273,0.3409090909090909,0.4772727272727273,0.3409090909090909,0.0,0.0
2026,dttl,0,Analysis,677,0.7858197932053176,0.7754800590841949,0.7858197932053176,0.7754800590841949,0.0,0.0
2026,dttl,0,Backdoor,583,0.9193825042881647,0.9005145797598628,0.9193825042881647,0.9005145797598628,0.0,0.0
2026,dttl,0,DoS,4089,0.3763756419662509,0.33944729762778186,0.3763756419662509,0.33944729762778186,0.0,0.0
2026,dttl,0,Exploits,11132,0.5514732303269853,0.45427596119295727,0.5514732303269853,0.45427596119295727,0.0,0.0
2026,dttl,0,Fuzzers,6062,0.5983173870009898,0.4577697129660178,0.5983173870009898,0.4577697129660178,0.0,0.0
2026,dttl,0,Generic,18871,0.9884478829950718,0.39346086587886175,0.9884478829950718,0.39346086587886175,0.0,0.0
2026,dttl,0,Reconnaissance,3496,0.3641304347826087,0.3715675057208238,0.3641304347826087,0.3715675057208238,0.0,0.0
2026,dttl,0,Shellcode,378,0.3941798941798942,0.3888888888888889,0.3941798941798942,0.3888888888888889,0.0,0.0
2026,dttl,0,Worms,44,0.4772727272727273,0.3409090909090909,0.4772727272727273,0.3409090909090909,0.0,0.0
2026,dttl,2,Analysis,677,0.7858197932053176,0.7769571639586411,0.7858197932053176,0.7754800590841949,0.0,0.001477104874446189
2026,dttl,2,Backdoor,583,0.9193825042881647,0.9005145797598628,0.9193825042881647,0.9005145797598628,0.0,0.0
2026,dttl,2,DoS,4089,0.3763756419662509,0.34678405478112007,0.3763756419662509,0.33944729762778186,0.0,0.0073367571533382026
2026,dttl,2,Exploits,11132,0.5514732303269853,0.4626302551203737,0.5514732303269853,0.45427596119295727,0.0,0.008354293927416434
2026,dttl,2,Fuzzers,6062,0.5983173870009898,0.4712966017815902,0.5983173870009898,0.4577697129660178,0.0,0.013526888815572402
2026,dttl,2,Generic,18871,0.9884478829950718,0.39377881405330933,0.9884478829950718,0.39346086587886175,0.0,0.00031794817444757983
2026,dttl,2,Reconnaissance,3496,0.3641304347826087,0.3824370709382151,0.3641304347826087,0.3715675057208238,0.0,0.010869565217391297
2026,dttl,2,Shellcode,378,0.3941798941798942,0.4021164021164021,0.3941798941798942,0.3888888888888889,0.0,0.013227513227513199
2026,dttl,2,Worms,44,0.4772727272727273,0.38636363636363635,0.4772727272727273,0.3409090909090909,0.0,0.04545454545454547
2026,dttl,5,Analysis,677,0.7858197932053176,0.7769571639586411,0.7858197932053176,0.7754800590841949,0.0,0.001477104874446189
2026,dttl,5,Backdoor,583,0.9193825042881647,0.9005145797598628,0.9193825042881647,0.9005145797598628,0.0,0.0
2026,dttl,5,DoS,4089,0.3763756419662509,0.34678405478112007,0.3763756419662509,0.33944729762778186,0.0,0.0073367571533382026
2026,dttl,5,Exploits,11132,0.5514732303269853,0.4626302551203737,0.5514732303269853,0.45427596119295727,0.0,0.008354293927416434
2026,dttl,5,Fuzzers,6062,0.5983173870009898,0.4712966017815902,0.5983173870009898,0.4577697129660178,0.0,0.013526888815572402
2026,dttl,5,Generic,18871,0.9884478829950718,0.39377881405330933,0.9884478829950718,0.39346086587886175,0.0,0.00031794817444757983
2026,dttl,5,Reconnaissance,3496,0.3641304347826087,0.3824370709382151,0.3641304347826087,0.3715675057208238,0.0,0.010869565217391297
2026,dttl,5,Shellcode,378,0.3941798941798942,0.4021164021164021,0.3941798941798942,0.3888888888888889,0.0,0.013227513227513199
2026,dttl,5,Worms,44,0.4772727272727273,0.38636363636363635,0.4772727272727273,0.3409090909090909,0.0,0.04545454545454547
2026,dttl,10,Analysis,677,0.7858197932053176,0.7769571639586411,0.7858197932053176,0.7754800590841949,0.0,0.001477104874446189
2026,dttl,10,Backdoor,583,0.9193825042881647,0.9005145797598628,0.9193825042881647,0.9005145797598628,0.0,0.0
2026,dttl,10,DoS,4089,0.3763756419662509,0.34678405478112007,0.3763756419662509,0.33944729762778186,0.0,0.0073367571533382026
2026,dttl,10,Exploits,11132,0.5514732303269853,0.4626302551203737,0.5514732303269853,0.45427596119295727,0.0,0.008354293927416434
2026,dttl,10,Fuzzers,6062,0.5983173870009898,0.4712966017815902,0.5983173870009898,0.4577697129660178,0.0,0.013526888815572402
2026,dttl,10,Generic,18871,0.9884478829950718,0.39377881405330933,0.9884478829950718,0.39346086587886175,0.0,0.00031794817444757983
2026,dttl,10,Reconnaissance,3496,0.3641304347826087,0.3824370709382151,0.3641304347826087,0.3715675057208238,0.0,0.010869565217391297
2026,dttl,10,Shellcode,378,0.3941798941798942,0.4021164021164021,0.3941798941798942,0.3888888888888889,0.0,0.013227513227513199
2026,dttl,10,Worms,44,0.4772727272727273,0.38636363636363635,0.4772727272727273,0.3409090909090909,0.0,0.04545454545454547
2026,dttl,15,Analysis,677,0.7858197932053176,0.7769571639586411,0.7858197932053176,0.7754800590841949,0.0,0.001477104874446189
2026,dttl,15,Backdoor,583,0.9193825042881647,0.9005145797598628,0.9193825042881647,0.9005145797598628,0.0,0.0
2026,dttl,15,DoS,4089,0.3763756419662509,0.34678405478112007,0.3763756419662509,0.33944729762778186,0.0,0.0073367571533382026
2026,dttl,15,Exploits,11132,0.5514732303269853,0.4626302551203737,0.5514732303269853,0.45427596119295727,0.0,0.008354293927416434
2026,dttl,15,Fuzzers,6062,0.5983173870009898,0.4712966017815902,0.5983173870009898,0.4577697129660178,0.0,0.013526888815572402
2026,dttl,15,Generic,18871,0.9884478829950718,0.3938318054157172,0.9884478829950718,0.39346086587886175,0.0,0.00037093953685546355
2026,dttl,15,Reconnaissance,3496,0.3641304347826087,0.3824370709382151,0.3641304347826087,0.3715675057208238,0.0,0.010869565217391297
2026,dttl,15,Shellcode,378,0.3941798941798942,0.4021164021164021,0.3941798941798942,0.3888888888888889,0.0,0.013227513227513199
2026,dttl,15,Worms,44,0.4772727272727273,0.38636363636363635,0.4772727272727273,0.3409090909090909,0.0,0.04545454545454547
7,sttl,-15,Analysis,677,0.7562776957163959,0.9689807976366323,0.7607090103397341,0.9704579025110783,-0.004431314623338234,-0.001477104874446078
7,sttl,-15,Backdoor,583,0.8782161234991424,0.9554030874785592,0.8850771869639794,0.9605488850771869,-0.006861063464837058,-0.005145797598627766
7,sttl,-15,DoS,4089,0.25434091464905845,0.8334556126192223,0.2822205918317437,0.8420151626314503,-0.027879677182685247,-0.008559550012227968
7,sttl,-15,Exploits,11132,0.3776500179662235,0.6812791951131872,0.4196909809558031,0.6928674092705713,-0.0420409629895796,-0.011588214157384091
7,sttl,-15,Fuzzers,6062,0.5851204223028703,0.31111844275816564,0.5877598152424942,0.406961398878258,-0.002639392939623897,-0.09584295612009236
7,sttl,-15,Generic,18871,0.9823538763181602,0.44761803825976365,0.9828837899422395,0.9052514440146257,-0.0005299136240792812,-0.457633405754862
7,sttl,-15,Reconnaissance,3496,0.3469679633867277,0.47110983981693366,0.3512585812356979,0.522883295194508,-0.004290617848970224,-0.051773455377574384
7,sttl,-15,Shellcode,378,0.3941798941798942,0.4470899470899471,0.3941798941798942,0.48148148148148145,0.0,-0.03439153439153436
7,sttl,-15,Worms,44,0.38636363636363635,0.4318181818181818,0.38636363636363635,0.5909090909090909,0.0,-0.15909090909090912
7,sttl,-10,Analysis,677,0.7562776957163959,0.9689807976366323,0.7607090103397341,0.9704579025110783,-0.004431314623338234,-0.001477104874446078
7,sttl,-10,Backdoor,583,0.8782161234991424,0.9588336192109777,0.8850771869639794,0.9605488850771869,-0.006861063464837058,-0.0017152658662092923
7,sttl,-10,DoS,4089,0.25434091464905845,0.8366348740523355,0.2822205918317437,0.8420151626314503,-0.027879677182685247,-0.005380288579114767
7,sttl,-10,Exploits,11132,0.3776500179662235,0.6862199065756378,0.4196909809558031,0.6928674092705713,-0.0420409629895796,-0.006647502694933527
7,sttl,-10,Fuzzers,6062,0.5851204223028703,0.3322335862751567,0.5877598152424942,0.406961398878258,-0.002639392939623897,-0.0747278126031013
7,sttl,-10,Generic,18871,0.9823538763181602,0.5933972762439722,0.9828837899422395,0.9052514440146257,-0.0005299136240792812,-0.31185416777065345
7,sttl,-10,Reconnaissance,3496,0.3469679633867277,0.48941647597254007,0.3512585812356979,0.522883295194508,-0.004290617848970224,-0.03346681922196798
7,sttl,-10,Shellcode,378,0.3941798941798942,0.4576719576719577,0.3941798941798942,0.48148148148148145,0.0,-0.02380952380952378
7,sttl,-10,Worms,44,0.38636363636363635,0.5454545454545454,0.38636363636363635,0.5909090909090909,0.0,-0.045454545454545525
7,sttl,-5,Analysis,677,0.7562776957163959,0.9704579025110783,0.7607090103397341,0.9704579025110783,-0.004431314623338234,0.0
7,sttl,-5,Backdoor,583,0.8782161234991424,0.9588336192109777,0.8850771869639794,0.9605488850771869,-0.006861063464837058,-0.0017152658662092923
7,sttl,-5,DoS,4089,0.25434091464905845,0.8390804597701149,0.2822205918317437,0.8420151626314503,-0.027879677182685247,-0.0029347028613353476
7,sttl,-5,Exploits,11132,0.3776500179662235,0.6895436579231046,0.4196909809558031,0.6928674092705713,-0.0420409629895796,-0.0033237513474667635
7,sttl,-5,Fuzzers,6062,0.5851204223028703,0.3667106565489937,0.5877598152424942,0.406961398878258,-0.002639392939623897,-0.04025074232926429
7,sttl,-5,Generic,18871,0.9823538763181602,0.7437337713952625,0.9828837899422395,0.9052514440146257,-0.0005299136240792812,-0.16151767261936312
7,sttl,-5,Reconnaissance,3496,0.3469679633867277,0.5080091533180778,0.3512585812356979,0.522883295194508,-0.004290617848970224,-0.014874141876430214
7,sttl,-5,Shellcode,378,0.3941798941798942,0.4708994708994709,0.3941798941798942,0.48148148148148145,0.0,-0.010582010582010581
7,sttl,-5,Worms,44,0.38636363636363635,0.5681818181818182,0.38636363636363635,0.5909090909090909,0.0,-0.022727272727272707
7,sttl,-2,Analysis,677,0.7562776957163959,0.9704579025110783,0.7607090103397341,0.9704579025110783,-0.004431314623338234,0.0
7,sttl,-2,Backdoor,583,0.8782161234991424,0.9588336192109777,0.8850771869639794,0.9605488850771869,-0.006861063464837058,-0.0017152658662092923
7,sttl,-2,DoS,4089,0.25434091464905845,0.8405478112007826,0.2822205918317437,0.8420151626314503,-0.027879677182685247,-0.0014673514306676738
7,sttl,-2,Exploits,11132,0.3776500179662235,0.691609773625584,0.4196909809558031,0.6928674092705713,-0.0420409629895796,-0.001257635644987376
7,sttl,-2,Fuzzers,6062,0.5851204223028703,0.39260969976905313,0.5877598152424942,0.406961398878258,-0.002639392939623897,-0.014351699109204863
7,sttl,-2,Generic,18871,0.9823538763181602,0.8469609453659054,0.9828837899422395,0.9052514440146257,-0.0005299136240792812,-0.05829049864872027
7,sttl,-2,Reconnaissance,3496,0.3469679633867277,0.5188787185354691,0.3512585812356979,0.522883295194508,-0.004290617848970224,-0.004004576659038972
7,sttl,-2,Shellcode,378,0.3941798941798942,0.47883597883597884,0.3941798941798942,0.48148148148148145,0.0,-0.0026455026455026176
7,sttl,-2,Worms,44,0.38636363636363635,0.5909090909090909,0.38636363636363635,0.5909090909090909,0.0,0.0
7,sttl,0,Analysis,677,0.7607090103397341,0.9704579025110783,0.7607090103397341,0.9704579025110783,0.0,0.0
7,sttl,0,Backdoor,583,0.8850771869639794,0.9605488850771869,0.8850771869639794,0.9605488850771869,0.0,0.0
7,sttl,0,DoS,4089,0.2822205918317437,0.8420151626314503,0.2822205918317437,0.8420151626314503,0.0,0.0
7,sttl,0,Exploits,11132,0.4196909809558031,0.6928674092705713,0.4196909809558031,0.6928674092705713,0.0,0.0
7,sttl,0,Fuzzers,6062,0.5877598152424942,0.406961398878258,0.5877598152424942,0.406961398878258,0.0,0.0
7,sttl,0,Generic,18871,0.9828837899422395,0.9052514440146257,0.9828837899422395,0.9052514440146257,0.0,0.0
7,sttl,0,Reconnaissance,3496,0.3512585812356979,0.522883295194508,0.3512585812356979,0.522883295194508,0.0,0.0
7,sttl,0,Shellcode,378,0.3941798941798942,0.48148148148148145,0.3941798941798942,0.48148148148148145,0.0,0.0
7,sttl,0,Worms,44,0.38636363636363635,0.5909090909090909,0.38636363636363635,0.5909090909090909,0.0,0.0
7,sttl,2,Analysis,677,0.7607090103397341,0.9704579025110783,0.7607090103397341,0.9704579025110783,0.0,0.0
7,sttl,2,Backdoor,583,0.8850771869639794,0.9605488850771869,0.8850771869639794,0.9605488850771869,0.0,0.0
7,sttl,2,DoS,4089,0.2817314746881878,0.8422597212032281,0.2822205918317437,0.8420151626314503,-0.0004891171435558728,0.0002445585717778531
7,sttl,2,Exploits,11132,0.4197808120733022,0.6932267337405678,0.4196909809558031,0.6928674092705713,8.983111749910622e-05,0.00035932446999642487
7,sttl,2,Fuzzers,6062,0.5874298911250413,0.4092708677004289,0.5877598152424942,0.406961398878258,-0.0003299241174529177,0.0023094688221709236
7,sttl,2,Generic,18871,0.9820889195061205,0.9153727942345398,0.9828837899422395,0.9052514440146257,-0.0007948704361189218,0.010121350219914116
7,sttl,2,Reconnaissance,3496,0.3512585812356979,0.5231693363844394,0.3512585812356979,0.522883295194508,0.0,0.00028604118993136307
7,sttl,2,Shellcode,378,0.3941798941798942,0.48148148148148145,0.3941798941798942,0.48148148148148145,0.0,0.0
7,sttl,2,Worms,44,0.38636363636363635,0.5909090909090909,0.38636363636363635,0.5909090909090909,0.0,0.0
7,sttl,5,Analysis,677,0.7607090103397341,0.9704579025110783,0.7607090103397341,0.9704579025110783,0.0,0.0
7,sttl,5,Backdoor,583,0.8850771869639794,0.9605488850771869,0.8850771869639794,0.9605488850771869,0.0,0.0
7,sttl,5,DoS,4089,0.2817314746881878,0.8422597212032281,0.2822205918317437,0.8420151626314503,-0.0004891171435558728,0.0002445585717778531
7,sttl,5,Exploits,11132,0.419601149838304,0.693496227093065,0.4196909809558031,0.6928674092705713,-8.983111749910622e-05,0.000628817822493688
7,sttl,5,Fuzzers,6062,0.5874298911250413,0.4092708677004289,0.5877598152424942,0.406961398878258,-0.0003299241174529177,0.0023094688221709236
7,sttl,5,Generic,18871,0.9820889195061205,0.9153727942345398,0.9828837899422395,0.9052514440146257,-0.0007948704361189218,0.010121350219914116
7,sttl,5,Reconnaissance,3496,0.3512585812356979,0.5231693363844394,0.3512585812356979,0.522883295194508,0.0,0.00028604118993136307
7,sttl,5,Shellcode,378,0.3941798941798942,0.48148148148148145,0.3941798941798942,0.48148148148148145,0.0,0.0
7,sttl,5,Worms,44,0.38636363636363635,0.5909090909090909,0.38636363636363635,0.5909090909090909,0.0,0.0
7,sttl,10,Analysis,677,0.7607090103397341,0.9719350073855244,0.7607090103397341,0.9704579025110783,0.0,0.001477104874446078
7,sttl,10,Backdoor,583,0.8850771869639794,0.9605488850771869,0.8850771869639794,0.9605488850771869,0.0,0.0
7,sttl,10,DoS,4089,0.2817314746881878,0.8425042797750061,0.2822205918317437,0.8420151626314503,-0.0004891171435558728,0.0004891171435558173
7,sttl,10,Exploits,11132,0.419601149838304,0.6939453826805605,0.4196909809558031,0.6928674092705713,-8.983111749910622e-05,0.0010779734099891636
7,sttl,10,Fuzzers,6062,0.5874298911250413,0.4092708677004289,0.5877598152424942,0.406961398878258,-0.0003299241174529177,0.0023094688221709236
7,sttl,10,Generic,18871,0.9820889195061205,0.9153727942345398,0.9828837899422395,0.9052514440146257,-0.0007948704361189218,0.010121350219914116
7,sttl,10,Reconnaissance,3496,0.3512585812356979,0.5231693363844394,0.3512585812356979,0.522883295194508,0.0,0.00028604118993136307
7,sttl,10,Shellcode,378,0.3941798941798942,0.48148148148148145,0.3941798941798942,0.48148148148148145,0.0,0.0
7,sttl,10,Worms,44,0.38636363636363635,0.5909090909090909,0.38636363636363635,0.5909090909090909,0.0,0.0
7,sttl,15,Analysis,677,0.7607090103397341,0.9719350073855244,0.7607090103397341,0.9704579025110783,0.0,0.001477104874446078
7,sttl,15,Backdoor,583,0.8850771869639794,0.9605488850771869,0.8850771869639794,0.9605488850771869,0.0,0.0
7,sttl,15,DoS,4089,0.2817314746881878,0.8425042797750061,0.2822205918317437,0.8420151626314503,-0.0004891171435558728,0.0004891171435558173
7,sttl,15,Exploits,11132,0.419601149838304,0.6940352137980597,0.4196909809558031,0.6928674092705713,-8.983111749910622e-05,0.0011678045274883253
7,sttl,15,Fuzzers,6062,0.5874298911250413,0.4092708677004289,0.5877598152424942,0.406961398878258,-0.0003299241174529177,0.0023094688221709236
7,sttl,15,Generic,18871,0.9820889195061205,0.9153727942345398,0.9828837899422395,0.9052514440146257,-0.0007948704361189218,0.010121350219914116
7,sttl,15,Reconnaissance,3496,0.3512585812356979,0.5231693363844394,0.3512585812356979,0.522883295194508,0.0,0.00028604118993136307
7,sttl,15,Shellcode,378,0.3941798941798942,0.48148148148148145,0.3941798941798942,0.48148148148148145,0.0,0.0
7,sttl,15,Worms,44,0.38636363636363635,0.5909090909090909,0.38636363636363635,0.5909090909090909,0.0,0.0
7,dttl,-15,Analysis,677,0.7607090103397341,0.9231905465288035,0.7607090103397341,0.9704579025110783,0.0,-0.04726735598227483
7,dttl,-15,Backdoor,583,0.8850771869639794,0.9416809605488851,0.8850771869639794,0.9605488850771869,0.0,-0.018867924528301883
7,dttl,-15,DoS,4089,0.2822205918317437,0.8080215211543165,0.2822205918317437,0.8420151626314503,0.0,-0.033993641477133796
7,dttl,-15,Exploits,11132,0.4196909809558031,0.6010600071864894,0.4196909809558031,0.6928674092705713,0.0,-0.09180740208408189
7,dttl,-15,Fuzzers,6062,0.5877598152424942,0.31326294952161005,0.5877598152424942,0.406961398878258,0.0,-0.09369844935664795
7,dttl,-15,Generic,18871,0.9828837899422395,0.9074240898733507,0.9828837899422395,0.9052514440146257,0.0,0.0021726458587250086
7,dttl,-15,Reconnaissance,3496,0.3512585812356979,0.4181922196796339,0.3512585812356979,0.522883295194508,0.0,-0.10469107551487417
7,dttl,-15,Shellcode,378,0.3941798941798942,0.373015873015873,0.3941798941798942,0.48148148148148145,0.0,-0.10846560846560843
7,dttl,-15,Worms,44,0.38636363636363635,0.3409090909090909,0.38636363636363635,0.5909090909090909,0.0,-0.25000000000000006
7,dttl,-10,Analysis,677,0.7607090103397341,0.9320531757754801,0.7607090103397341,0.9704579025110783,0.0,-0.03840472673559825
7,dttl,-10,Backdoor,583,0.8850771869639794,0.9502572898799314,0.8850771869639794,0.9605488850771869,0.0,-0.010291595197255532
7,dttl,-10,DoS,4089,0.2822205918317437,0.8187820983125459,0.2822205918317437,0.8420151626314503,0.0,-0.023233064318904373
7,dttl,-10,Exploits,11132,0.4196909809558031,0.6353754940711462,0.4196909809558031,0.6928674092705713,0.0,-0.05749191519942509
7,dttl,-10,Fuzzers,6062,0.5877598152424942,0.337347410095678,0.5877598152424942,0.406961398878258,0.0,-0.06961398878258002
7,dttl,-10,Generic,18871,0.9828837899422395,0.9091728048328123,0.9828837899422395,0.9052514440146257,0.0,0.003921360818186614
7,dttl,-10,Reconnaissance,3496,0.3512585812356979,0.4559496567505721,0.3512585812356979,0.522883295194508,0.0,-0.06693363844393596
7,dttl,-10,Shellcode,378,0.3941798941798942,0.4021164021164021,0.3941798941798942,0.48148148148148145,0.0,-0.07936507936507936
7,dttl,-10,Worms,44,0.38636363636363635,0.45454545454545453,0.38636363636363635,0.5909090909090909,0.0,-0.1363636363636364
7,dttl,-5,Analysis,677,0.7607090103397341,0.9571639586410635,0.7607090103397341,0.9704579025110783,0.0,-0.013293943870014813
7,dttl,-5,Backdoor,583,0.8850771869639794,0.9554030874785592,0.8850771869639794,0.9605488850771869,0.0,-0.005145797598627766
7,dttl,-5,DoS,4089,0.2822205918317437,0.8314991440449988,0.2822205918317437,0.8420151626314503,0.0,-0.010516018586451459
7,dttl,-5,Exploits,11132,0.4196909809558031,0.662504491555875,0.4196909809558031,0.6928674092705713,0.0,-0.030362917714696347
7,dttl,-5,Fuzzers,6062,0.5877598152424942,0.3703398218409766,0.5877598152424942,0.406961398878258,0.0,-0.036621577037281416
7,dttl,-5,Generic,18871,0.9828837899422395,0.9106035716178263,0.9828837899422395,0.9052514440146257,0.0,0.005352127603200696
7,dttl,-5,Reconnaissance,3496,0.3512585812356979,0.4925629290617849,0.3512585812356979,0.522883295194508,0.0,-0.030320366132723153
7,dttl,-5,Shellcode,378,0.3941798941798942,0.455026455026455,0.3941798941798942,0.48148148148148145,0.0,-0.026455026455026454
7,dttl,-5,Worms,44,0.38636363636363635,0.5454545454545454,0.38636363636363635,0.5909090909090909,0.0,-0.045454545454545525
7,dttl,-2,Analysis,677,0.7607090103397341,0.96602658788774,0.7607090103397341,0.9704579025110783,0.0,-0.004431314623338345
7,dttl,-2,Backdoor,583,0.8850771869639794,0.9588336192109777,0.8850771869639794,0.9605488850771869,0.0,-0.0017152658662092923
7,dttl,-2,DoS,4089,0.2822205918317437,0.8373685497676694,0.2822205918317437,0.8420151626314503,0.0,-0.004646612863780875
7,dttl,-2,Exploits,11132,0.4196909809558031,0.6811893639956881,0.4196909809558031,0.6928674092705713,0.0,-0.011678045274883253
7,dttl,-2,Fuzzers,6062,0.5877598152424942,0.3939293962388651,0.5877598152424942,0.406961398878258,0.0,-0.013032002639392914
7,dttl,-2,Generic,18871,0.9828837899422395,0.911504424778761,0.9828837899422395,0.9052514440146257,0.0,0.006252980764135385
7,dttl,-2,Reconnaissance,3496,0.3512585812356979,0.5125858123569794,0.3512585812356979,0.522883295194508,0.0,-0.010297482837528626
7,dttl,-2,Shellcode,378,0.3941798941798942,0.4708994708994709,0.3941798941798942,0.48148148148148145,0.0,-0.010582010582010581
7,dttl,-2,Worms,44,0.38636363636363635,0.5681818181818182,0.38636363636363635,0.5909090909090909,0.0,-0.022727272727272707
7,dttl,0,Analysis,677,0.7607090103397341,0.9704579025110783,0.7607090103397341,0.9704579025110783,0.0,0.0
7,dttl,0,Backdoor,583,0.8850771869639794,0.9605488850771869,0.8850771869639794,0.9605488850771869,0.0,0.0
7,dttl,0,DoS,4089,0.2822205918317437,0.8420151626314503,0.2822205918317437,0.8420151626314503,0.0,0.0
7,dttl,0,Exploits,11132,0.4196909809558031,0.6928674092705713,0.4196909809558031,0.6928674092705713,0.0,0.0
7,dttl,0,Fuzzers,6062,0.5877598152424942,0.406961398878258,0.5877598152424942,0.406961398878258,0.0,0.0
7,dttl,0,Generic,18871,0.9828837899422395,0.9052514440146257,0.9828837899422395,0.9052514440146257,0.0,0.0
7,dttl,0,Reconnaissance,3496,0.3512585812356979,0.522883295194508,0.3512585812356979,0.522883295194508,0.0,0.0
7,dttl,0,Shellcode,378,0.3941798941798942,0.48148148148148145,0.3941798941798942,0.48148148148148145,0.0,0.0
7,dttl,0,Worms,44,0.38636363636363635,0.5909090909090909,0.38636363636363635,0.5909090909090909,0.0,0.0
7,dttl,2,Analysis,677,0.7607090103397341,0.9734121122599705,0.7607090103397341,0.9704579025110783,0.0,0.002954209748892156
7,dttl,2,Backdoor,583,0.8850771869639794,0.9622641509433962,0.8850771869639794,0.9605488850771869,0.0,0.0017152658662092923
7,dttl,2,DoS,4089,0.2817314746881878,0.8439716312056738,0.2822205918317437,0.8420151626314503,-0.0004891171435558728,0.001956468574223491
7,dttl,2,Exploits,11132,0.4196909809558031,0.7003233920229968,0.4196909809558031,0.6928674092705713,0.0,0.007455982752425427
7,dttl,2,Fuzzers,6062,0.5877598152424942,0.4185087429891125,0.5877598152424942,0.406961398878258,0.0,0.011547344110854507
7,dttl,2,Generic,18871,0.9828837899422395,0.9121933124900641,0.9828837899422395,0.9052514440146257,0.0,0.0069418684754384286
7,dttl,2,Reconnaissance,3496,0.3512585812356979,0.528604118993135,0.3512585812356979,0.522883295194508,0.0,0.005720823798626928
7,dttl,2,Shellcode,378,0.3941798941798942,0.48677248677248675,0.3941798941798942,0.48148148148148145,0.0,0.005291005291005291
7,dttl,2,Worms,44,0.38636363636363635,0.5909090909090909,0.38636363636363635,0.5909090909090909,0.0,0.0
7,dttl,5,Analysis,677,0.7607090103397341,0.9734121122599705,0.7607090103397341,0.9704579025110783,0.0,0.002954209748892156
7,dttl,5,Backdoor,583,0.8850771869639794,0.9622641509433962,0.8850771869639794,0.9605488850771869,0.0,0.0017152658662092923
7,dttl,5,DoS,4089,0.2817314746881878,0.8439716312056738,0.2822205918317437,0.8420151626314503,-0.0004891171435558728,0.001956468574223491
7,dttl,5,Exploits,11132,0.4196909809558031,0.7003233920229968,0.4196909809558031,0.6928674092705713,0.0,0.007455982752425427
7,dttl,5,Fuzzers,6062,0.5877598152424942,0.4185087429891125,0.5877598152424942,0.406961398878258,0.0,0.011547344110854507
7,dttl,5,Generic,18871,0.9828837899422395,0.9121933124900641,0.9828837899422395,0.9052514440146257,0.0,0.0069418684754384286
7,dttl,5,Reconnaissance,3496,0.3512585812356979,0.528604118993135,0.3512585812356979,0.522883295194508,0.0,0.005720823798626928
7,dttl,5,Shellcode,378,0.3941798941798942,0.48677248677248675,0.3941798941798942,0.48148148148148145,0.0,0.005291005291005291
7,dttl,5,Worms,44,0.38636363636363635,0.5909090909090909,0.38636363636363635,0.5909090909090909,0.0,0.0
7,dttl,10,Analysis,677,0.7607090103397341,0.9734121122599705,0.7607090103397341,0.9704579025110783,0.0,0.002954209748892156
7,dttl,10,Backdoor,583,0.8850771869639794,0.9622641509433962,0.8850771869639794,0.9605488850771869,0.0,0.0017152658662092923
7,dttl,10,DoS,4089,0.2817314746881878,0.8439716312056738,0.2822205918317437,0.8420151626314503,-0.0004891171435558728,0.001956468574223491
7,dttl,10,Exploits,11132,0.4196909809558031,0.7003233920229968,0.4196909809558031,0.6928674092705713,0.0,0.007455982752425427
7,dttl,10,Fuzzers,6062,0.5877598152424942,0.4185087429891125,0.5877598152424942,0.406961398878258,0.0,0.011547344110854507
7,dttl,10,Generic,18871,0.9828837899422395,0.9121933124900641,0.9828837899422395,0.9052514440146257,0.0,0.0069418684754384286
7,dttl,10,Reconnaissance,3496,0.3512585812356979,0.528604118993135,0.3512585812356979,0.522883295194508,0.0,0.005720823798626928
7,dttl,10,Shellcode,378,0.3941798941798942,0.48677248677248675,0.3941798941798942,0.48148148148148145,0.0,0.005291005291005291
7,dttl,10,Worms,44,0.38636363636363635,0.5909090909090909,0.38636363636363635,0.5909090909090909,0.0,0.0
7,dttl,15,Analysis,677,0.7607090103397341,0.9734121122599705,0.7607090103397341,0.9704579025110783,0.0,0.002954209748892156
7,dttl,15,Backdoor,583,0.8850771869639794,0.9622641509433962,0.8850771869639794,0.9605488850771869,0.0,0.0017152658662092923
7,dttl,15,DoS,4089,0.2817314746881878,0.8439716312056738,0.2822205918317437,0.8420151626314503,-0.0004891171435558728,0.001956468574223491
7,dttl,15,Exploits,11132,0.4196909809558031,0.7003233920229968,0.4196909809558031,0.6928674092705713,0.0,0.007455982752425427
7,dttl,15,Fuzzers,6062,0.5877598152424942,0.4185087429891125,0.5877598152424942,0.406961398878258,0.0,0.011547344110854507
7,dttl,15,Generic,18871,0.9828837899422395,0.9121933124900641,0.9828837899422395,0.9052514440146257,0.0,0.0069418684754384286
7,dttl,15,Reconnaissance,3496,0.3512585812356979,0.528604118993135,0.3512585812356979,0.522883295194508,0.0,0.005720823798626928
7,dttl,15,Shellcode,378,0.3941798941798942,0.48677248677248675,0.3941798941798942,0.48148148148148145,0.0,0.005291005291005291
7,dttl,15,Worms,44,0.38636363636363635,0.5909090909090909,0.38636363636363635,0.5909090909090909,0.0,0.0
99,sttl,-15,Analysis,677,0.7740029542097489,0.9881831610044313,0.7799113737075333,0.9881831610044313,-0.005908419497784423,0.0
99,sttl,-15,Backdoor,583,0.8987993138936535,0.9639794168096055,0.9125214408233276,0.9656946826758147,-0.013722126929674117,-0.0017152658662091813
99,sttl,-15,DoS,4089,0.24896062606994376,0.842993396918562,0.3078992418684275,0.8522866226461238,-0.05893861579848372,-0.00929322572756175
99,sttl,-15,Exploits,11132,0.37989579590370104,0.7057132590729429,0.424901185770751,0.7195472511678045,-0.04500538986704994,-0.01383399209486158
99,sttl,-15,Fuzzers,6062,0.5890795117123062,0.3652259980204553,0.5932035631804685,0.43549983503794126,-0.004124051468162304,-0.07027383701748596
99,sttl,-15,Generic,18871,0.9842615653648455,0.9791214032112766,0.9848444703513327,0.9900376238673096,-0.0005829049864871649,-0.010916220656033038
99,sttl,-15,Reconnaissance,3496,0.34553775743707094,0.4891304347826087,0.35583524027459956,0.5374713958810069,-0.010297482837528626,-0.048340961098398194
99,sttl,-15,Shellcode,378,0.3941798941798942,0.42857142857142855,0.3941798941798942,0.47619047619047616,0.0,-0.047619047619047616
99,sttl,-15,Worms,44,0.38636363636363635,0.5227272727272727,0.38636363636363635,0.5681818181818182,0.0,-0.045454545454545525
99,sttl,-10,Analysis,677,0.7740029542097489,0.9881831610044313,0.7799113737075333,0.9881831610044313,-0.005908419497784423,0.0
99,sttl,-10,Backdoor,583,0.8987993138936535,0.9639794168096055,0.9125214408233276,0.9656946826758147,-0.013722126929674117,-0.0017152658662091813
99,sttl,-10,DoS,4089,0.24896062606994376,0.8449498654927855,0.3078992418684275,0.8522866226461238,-0.05893861579848372,-0.007336757153338258
99,sttl,-10,Exploits,11132,0.37989579590370104,0.7093065037729069,0.424901185770751,0.7195472511678045,-0.04500538986704994,-0.010240747394897554
99,sttl,-10,Fuzzers,6062,0.5890795117123062,0.37759815242494227,0.5932035631804685,0.43549983503794126,-0.004124051468162304,-0.057901682612998995
99,sttl,-10,Generic,18871,0.9842615653648455,0.9849504530761486,0.9848444703513327,0.9900376238673096,-0.0005829049864871649,-0.005087170791161055
99,sttl,-10,Reconnaissance,3496,0.34553775743707094,0.5054347826086957,0.35583524027459956,0.5374713958810069,-0.010297482837528626,-0.03203661327231122
99,sttl,-10,Shellcode,378,0.3941798941798942,0.4523809523809524,0.3941798941798942,0.47619047619047616,0.0,-0.02380952380952378
99,sttl,-10,Worms,44,0.38636363636363635,0.5227272727272727,0.38636363636363635,0.5681818181818182,0.0,-0.045454545454545525
99,sttl,-5,Analysis,677,0.7740029542097489,0.9881831610044313,0.7799113737075333,0.9881831610044313,-0.005908419497784423,0.0
99,sttl,-5,Backdoor,583,0.8987993138936535,0.9656946826758147,0.9125214408233276,0.9656946826758147,-0.013722126929674117,0.0
99,sttl,-5,DoS,4089,0.24896062606994376,0.8491073612130106,0.3078992418684275,0.8522866226461238,-0.05893861579848372,-0.0031792614331132008
99,sttl,-5,Exploits,11132,0.37989579590370104,0.7125404240028747,0.424901185770751,0.7195472511678045,-0.04500538986704994,-0.007006827164929841
99,sttl,-5,Fuzzers,6062,0.5890795117123062,0.39937314417683933,0.5932035631804685,0.43549983503794126,-0.004124051468162304,-0.03612669086110193
99,sttl,-5,Generic,18871,0.9842615653648455,0.987547029834137,0.9848444703513327,0.9900376238673096,-0.0005829049864871649,-0.002490594033172644
99,sttl,-5,Reconnaissance,3496,0.34553775743707094,0.5208810068649885,0.35583524027459956,0.5374713958810069,-0.010297482837528626,-0.016590389016018392
99,sttl,-5,Shellcode,378,0.3941798941798942,0.4656084656084656,0.3941798941798942,0.47619047619047616,0.0,-0.010582010582010581
99,sttl,-5,Worms,44,0.38636363636363635,0.5681818181818182,0.38636363636363635,0.5681818181818182,0.0,0.0
99,sttl,-2,Analysis,677,0.7740029542097489,0.9881831610044313,0.7799113737075333,0.9881831610044313,-0.005908419497784423,0.0
99,sttl,-2,Backdoor,583,0.8987993138936535,0.9656946826758147,0.9125214408233276,0.9656946826758147,-0.013722126929674117,0.0
99,sttl,-2,DoS,4089,0.24896062606994376,0.851308388359012,0.3078992418684275,0.8522866226461238,-0.05893861579848372,-0.0009782342871117455
99,sttl,-2,Exploits,11132,0.37989579590370104,0.7167624865253324,0.424901185770751,0.7195472511678045,-0.04500538986704994,-0.002784764642472126
99,sttl,-2,Fuzzers,6062,0.5890795117123062,0.4211481359287364,0.5932035631804685,0.43549983503794126,-0.004124051468162304,-0.014351699109204863
99,sttl,-2,Generic,18871,0.9842615653648455,0.989030787981559,0.9848444703513327,0.9900376238673096,-0.0005829049864871649,-0.0010068358857506787
99,sttl,-2,Reconnaissance,3496,0.34553775743707094,0.5303203661327232,0.35583524027459956,0.5374713958810069,-0.010297482837528626,-0.007151029748283744
99,sttl,-2,Shellcode,378,0.3941798941798942,0.47354497354497355,0.3941798941798942,0.47619047619047616,0.0,-0.0026455026455026176
99,sttl,-2,Worms,44,0.38636363636363635,0.5681818181818182,0.38636363636363635,0.5681818181818182,0.0,0.0
99,sttl,0,Analysis,677,0.7799113737075333,0.9881831610044313,0.7799113737075333,0.9881831610044313,0.0,0.0
99,sttl,0,Backdoor,583,0.9125214408233276,0.9656946826758147,0.9125214408233276,0.9656946826758147,0.0,0.0
99,sttl,0,DoS,4089,0.3078992418684275,0.8522866226461238,0.3078992418684275,0.8522866226461238,0.0,0.0
99,sttl,0,Exploits,11132,0.424901185770751,0.7195472511678045,0.424901185770751,0.7195472511678045,0.0,0.0
99,sttl,0,Fuzzers,6062,0.5932035631804685,0.43549983503794126,0.5932035631804685,0.43549983503794126,0.0,0.0
99,sttl,0,Generic,18871,0.9848444703513327,0.9900376238673096,0.9848444703513327,0.9900376238673096,0.0,0.0
99,sttl,0,Reconnaissance,3496,0.35583524027459956,0.5374713958810069,0.35583524027459956,0.5374713958810069,0.0,0.0
99,sttl,0,Shellcode,378,0.3941798941798942,0.47619047619047616,0.3941798941798942,0.47619047619047616,0.0,0.0
99,sttl,0,Worms,44,0.38636363636363635,0.5681818181818182,0.38636363636363635,0.5681818181818182,0.0,0.0
99,sttl,2,Analysis,677,0.7799113737075333,0.9881831610044313,0.7799113737075333,0.9881831610044313,0.0,0.0
99,sttl,2,Backdoor,583,0.9125214408233276,0.9656946826758147,0.9125214408233276,0.9656946826758147,0.0,0.0
99,sttl,2,DoS,4089,0.30814380044020545,0.8530202983614575,0.3078992418684275,0.8522866226461238,0.00024455857177796414,0.0007336757153337814
99,sttl,2,Exploits,11132,0.4251706791232483,0.7205353934602946,0.424901185770751,0.7195472511678045,0.00026949335249731865,0.0009881422924901129
99,sttl,2,Fuzzers,6062,0.5935334872979214,0.4399538106235566,0.5932035631804685,0.43549983503794126,0.0003299241174529177,0.004453975585615333
99,sttl,2,Generic,18871,0.9848444703513327,0.9902495893169413,0.9848444703513327,0.9900376238673096,0.0,0.00021196544963164587
99,sttl,2,Reconnaissance,3496,0.35583524027459956,0.5380434782608695,0.35583524027459956,0.5374713958810069,0.0,0.0005720823798626151
99,sttl,2,Shellcode,378,0.3941798941798942,0.48148148148148145,0.3941798941798942,0.47619047619047616,0.0,0.005291005291005291
99,sttl,2,Worms,44,0.38636363636363635,0.5681818181818182,0.38636363636363635,0.5681818181818182,0.0,0.0
99,sttl,5,Analysis,677,0.7799113737075333,0.9881831610044313,0.7799113737075333,0.9881831610044313,0.0,0.0
99,sttl,5,Backdoor,583,0.9125214408233276,0.9656946826758147,0.9125214408233276,0.9656946826758147,0.0,0.0
99,sttl,5,DoS,4089,0.30814380044020545,0.8535094155050135,0.3078992418684275,0.8522866226461238,0.00024455857177796414,0.0012227928588897097
99,sttl,5,Exploits,11132,0.4251706791232483,0.7212540424002875,0.424901185770751,0.7195472511678045,0.00026949335249731865,0.0017067912324829626
99,sttl,5,Fuzzers,6062,0.5935334872979214,0.4399538106235566,0.5932035631804685,0.43549983503794126,0.0003299241174529177,0.004453975585615333
99,sttl,5,Generic,18871,0.9848444703513327,0.9903025806793493,0.9848444703513327,0.9900376238673096,0.0,0.0002649568120396406
99,sttl,5,Reconnaissance,3496,0.35583524027459956,0.5380434782608695,0.35583524027459956,0.5374713958810069,0.0,0.0005720823798626151
99,sttl,5,Shellcode,378,0.3941798941798942,0.48148148148148145,0.3941798941798942,0.47619047619047616,0.0,0.005291005291005291
99,sttl,5,Worms,44,0.38636363636363635,0.5681818181818182,0.38636363636363635,0.5681818181818182,0.0,0.0
99,sttl,10,Analysis,677,0.7799113737075333,0.9896602658788775,0.7799113737075333,0.9881831610044313,0.0,0.001477104874446189
99,sttl,10,Backdoor,583,0.9125214408233276,0.9656946826758147,0.9125214408233276,0.9656946826758147,0.0,0.0
99,sttl,10,DoS,4089,0.30814380044020545,0.8544876497921252,0.3078992418684275,0.8522866226461238,0.00024455857177796414,0.002201027146001455
99,sttl,10,Exploits,11132,0.4251706791232483,0.7234099892202659,0.424901185770751,0.7195472511678045,0.00026949335249731865,0.003862738052461401
99,sttl,10,Fuzzers,6062,0.5935334872979214,0.4399538106235566,0.5932035631804685,0.43549983503794126,0.0003299241174529177,0.004453975585615333
99,sttl,10,Generic,18871,0.9848444703513327,0.9903025806793493,0.9848444703513327,0.9900376238673096,0.0,0.0002649568120396406
99,sttl,10,Reconnaissance,3496,0.35583524027459956,0.5380434782608695,0.35583524027459956,0.5374713958810069,0.0,0.0005720823798626151
99,sttl,10,Shellcode,378,0.3941798941798942,0.48148148148148145,0.3941798941798942,0.47619047619047616,0.0,0.005291005291005291
99,sttl,10,Worms,44,0.38636363636363635,0.5681818181818182,0.38636363636363635,0.5681818181818182,0.0,0.0
99,sttl,15,Analysis,677,0.7799113737075333,0.9896602658788775,0.7799113737075333,0.9881831610044313,0.0,0.001477104874446189
99,sttl,15,Backdoor,583,0.9125214408233276,0.9656946826758147,0.9125214408233276,0.9656946826758147,0.0,0.0
99,sttl,15,DoS,4089,0.30814380044020545,0.8549767669356811,0.3078992418684275,0.8522866226461238,0.00024455857177796414,0.0026901442895573835
99,sttl,15,Exploits,11132,0.4251706791232483,0.7244879626302552,0.424901185770751,0.7195472511678045,0.00026949335249731865,0.004940711462450675
99,sttl,15,Fuzzers,6062,0.5935334872979214,0.4399538106235566,0.5932035631804685,0.43549983503794126,0.0003299241174529177,0.004453975585615333
99,sttl,15,Generic,18871,0.9848444703513327,0.9903025806793493,0.9848444703513327,0.9900376238673096,0.0,0.0002649568120396406
99,sttl,15,Reconnaissance,3496,0.35583524027459956,0.5380434782608695,0.35583524027459956,0.5374713958810069,0.0,0.0005720823798626151
99,sttl,15,Shellcode,378,0.3941798941798942,0.48148148148148145,0.3941798941798942,0.47619047619047616,0.0,0.005291005291005291
99,sttl,15,Worms,44,0.38636363636363635,0.5681818181818182,0.38636363636363635,0.5681818181818182,0.0,0.0
99,dttl,-15,Analysis,677,0.7799113737075333,0.9438700147710487,0.7799113737075333,0.9881831610044313,0.0,-0.04431314623338256
99,dttl,-15,Backdoor,583,0.9125214408233276,0.9502572898799314,0.9125214408233276,0.9656946826758147,0.0,-0.015437392795883298
99,dttl,-15,DoS,4089,0.3078992418684275,0.8077769625825385,0.3078992418684275,0.8522866226461238,0.0,-0.044509660063585255
99,dttl,-15,Exploits,11132,0.424901185770751,0.6170499461013295,0.424901185770751,0.7195472511678045,0.0,-0.10249730506647503
99,dttl,-15,Fuzzers,6062,0.5932035631804685,0.3030353018805675,0.5932035631804685,0.43549983503794126,0.0,-0.13246453315737378
99,dttl,-15,Generic,18871,0.9848444703513327,0.9861692544115309,0.9848444703513327,0.9900376238673096,0.0,-0.0038683694557787307
99,dttl,-15,Reconnaissance,3496,0.35583524027459956,0.4407894736842105,0.35583524027459956,0.5374713958810069,0.0,-0.09668192219679639
99,dttl,-15,Shellcode,378,0.3941798941798942,0.35978835978835977,0.3941798941798942,0.47619047619047616,0.0,-0.1164021164021164
99,dttl,-15,Worms,44,0.38636363636363635,0.4090909090909091,0.38636363636363635,0.5681818181818182,0.0,-0.15909090909090912
99,dttl,-10,Analysis,677,0.7799113737075333,0.9645494830132939,0.7799113737075333,0.9881831610044313,0.0,-0.02363367799113736
99,dttl,-10,Backdoor,583,0.9125214408233276,0.9536878216123499,0.9125214408233276,0.9656946826758147,0.0,-0.012006861063464824
99,dttl,-10,DoS,4089,0.3078992418684275,0.8219613597456591,0.3078992418684275,0.8522866226461238,0.0,-0.030325262900464667
99,dttl,-10,Exploits,11132,0.424901185770751,0.6521739130434783,0.424901185770751,0.7195472511678045,0.0,-0.06737333812432622
99,dttl,-10,Fuzzers,6062,0.5932035631804685,0.3422962718574728,0.5932035631804685,0.43549983503794126,0.0,-0.09320356318046846
99,dttl,-10,Generic,18871,0.9848444703513327,0.9878119866461766,0.9848444703513327,0.9900376238673096,0.0,-0.0022256372211330033
99,dttl,-10,Reconnaissance,3496,0.35583524027459956,0.48197940503432496,0.35583524027459956,0.5374713958810069,0.0,-0.05549199084668194
99,dttl,-10,Shellcode,378,0.3941798941798942,0.42592592592592593,0.3941798941798942,0.47619047619047616,0.0,-0.050264550264550234
99,dttl,-10,Worms,44,0.38636363636363635,0.4772727272727273,0.38636363636363635,0.5681818181818182,0.0,-0.09090909090909094
99,dttl,-5,Analysis,677,0.7799113737075333,0.9807976366322009,0.7799113737075333,0.9881831610044313,0.0,-0.00738552437223039
99,dttl,-5,Backdoor,583,0.9125214408233276,0.9622641509433962,0.9125214408233276,0.9656946826758147,0.0,-0.0034305317324184736
99,dttl,-5,DoS,4089,0.3078992418684275,0.8373685497676694,0.3078992418684275,0.8522866226461238,0.0,-0.01491807287845437
99,dttl,-5,Exploits,11132,0.424901185770751,0.6827164929931728,0.424901185770751,0.7195472511678045,0.0,-0.03683075817463166
99,dttl,-5,Fuzzers,6062,0.5932035631804685,0.3808973935994721,0.5932035631804685,0.43549983503794126,0.0,-0.05460244143846915
99,dttl,-5,Generic,18871,0.9848444703513327,0.989719675692862,0.9848444703513327,0.9900376238673096,0.0,-0.00031794817444763535
99,dttl,-5,Reconnaissance,3496,0.35583524027459956,0.5108695652173914,0.35583524027459956,0.5374713958810069,0.0,-0.026601830663615544
99,dttl,-5,Shellcode,378,0.3941798941798942,0.46296296296296297,0.3941798941798942,0.47619047619047616,0.0,-0.013227513227513199
99,dttl,-5,Worms,44,0.38636363636363635,0.5227272727272727,0.38636363636363635,0.5681818181818182,0.0,-0.045454545454545525
99,dttl,-2,Analysis,677,0.7799113737075333,0.9867060561299852,0.7799113737075333,0.9881831610044313,0.0,-0.001477104874446078
99,dttl,-2,Backdoor,583,0.9125214408233276,0.9639794168096055,0.9125214408233276,0.9656946826758147,0.0,-0.0017152658662091813
99,dttl,-2,DoS,4089,0.3078992418684275,0.8476400097823429,0.3078992418684275,0.8522866226461238,0.0,-0.004646612863780875
99,dttl,-2,Exploits,11132,0.424901185770751,0.7035573122529645,0.424901185770751,0.7195472511678045,0.0,-0.01598993891484002
99,dttl,-2,Fuzzers,6062,0.5932035631804685,0.41290003299241174,0.5932035631804685,0.43549983503794126,0.0,-0.022599802045529527
99,dttl,-2,Generic,18871,0.9848444703513327,0.9899846325049017,0.9848444703513327,0.9900376238673096,0.0,-5.2991362407994735e-05
99,dttl,-2,Reconnaissance,3496,0.35583524027459956,0.5257437070938215,0.35583524027459956,0.5374713958810069,0.0,-0.011727688787185442
99,dttl,-2,Shellcode,378,0.3941798941798942,0.47354497354497355,0.3941798941798942,0.47619047619047616,0.0,-0.0026455026455026176
99,dttl,-2,Worms,44,0.38636363636363635,0.5681818181818182,0.38636363636363635,0.5681818181818182,0.0,0.0
99,dttl,0,Analysis,677,0.7799113737075333,0.9881831610044313,0.7799113737075333,0.9881831610044313,0.0,0.0
99,dttl,0,Backdoor,583,0.9125214408233276,0.9656946826758147,0.9125214408233276,0.9656946826758147,0.0,0.0
99,dttl,0,DoS,4089,0.3078992418684275,0.8522866226461238,0.3078992418684275,0.8522866226461238,0.0,0.0
99,dttl,0,Exploits,11132,0.424901185770751,0.7195472511678045,0.424901185770751,0.7195472511678045,0.0,0.0
99,dttl,0,Fuzzers,6062,0.5932035631804685,0.43549983503794126,0.5932035631804685,0.43549983503794126,0.0,0.0
99,dttl,0,Generic,18871,0.9848444703513327,0.9900376238673096,0.9848444703513327,0.9900376238673096,0.0,0.0
99,dttl,0,Reconnaissance,3496,0.35583524027459956,0.5374713958810069,0.35583524027459956,0.5374713958810069,0.0,0.0
99,dttl,0,Shellcode,378,0.3941798941798942,0.47619047619047616,0.3941798941798942,0.47619047619047616,0.0,0.0
99,dttl,0,Worms,44,0.38636363636363635,0.5681818181818182,0.38636363636363635,0.5681818181818182,0.0,0.0
99,dttl,2,Analysis,677,0.7799113737075333,0.9896602658788775,0.7799113737075333,0.9881831610044313,0.0,0.001477104874446189
99,dttl,2,Backdoor,583,0.9125214408233276,0.9656946826758147,0.9125214408233276,0.9656946826758147,0.0,0.0
99,dttl,2,DoS,4089,0.3074101247248716,0.8559550012227929,0.3078992418684275,0.8522866226461238,-0.0004891171435558728,0.003668378576669129
99,dttl,2,Exploits,11132,0.4245418613007546,0.7287100251527129,0.424901185770751,0.7195472511678045,-0.00035932446999636936,0.00916277398490839
99,dttl,2,Fuzzers,6062,0.5932035631804685,0.4539755856153085,0.5932035631804685,0.43549983503794126,0.0,0.018475750577367223
99,dttl,2,Generic,18871,0.9847914789889248,0.9904085634041652,0.9848444703513327,0.9900376238673096,-5.299136240788371e-05,0.00037093953685551906
99,dttl,2,Reconnaissance,3496,0.35583524027459956,0.5443363844393593,0.35583524027459956,0.5374713958810069,0.0,0.006864988558352381
99,dttl,2,Shellcode,378,0.3941798941798942,0.4947089947089947,0.3941798941798942,0.47619047619047616,0.0,0.018518518518518545
99,dttl,2,Worms,44,0.38636363636363635,0.5681818181818182,0.38636363636363635,0.5681818181818182,0.0,0.0
99,dttl,5,Analysis,677,0.7799113737075333,0.9896602658788775,0.7799113737075333,0.9881831610044313,0.0,0.001477104874446189
99,dttl,5,Backdoor,583,0.9125214408233276,0.9656946826758147,0.9125214408233276,0.9656946826758147,0.0,0.0
99,dttl,5,DoS,4089,0.3074101247248716,0.8559550012227929,0.3078992418684275,0.8522866226461238,-0.0004891171435558728,0.003668378576669129
99,dttl,5,Exploits,11132,0.4245418613007546,0.7287100251527129,0.424901185770751,0.7195472511678045,-0.00035932446999636936,0.00916277398490839
99,dttl,5,Fuzzers,6062,0.5932035631804685,0.4539755856153085,0.5932035631804685,0.43549983503794126,0.0,0.018475750577367223
99,dttl,5,Generic,18871,0.9847914789889248,0.9904085634041652,0.9848444703513327,0.9900376238673096,-5.299136240788371e-05,0.00037093953685551906
99,dttl,5,Reconnaissance,3496,0.35583524027459956,0.5443363844393593,0.35583524027459956,0.5374713958810069,0.0,0.006864988558352381
99,dttl,5,Shellcode,378,0.3941798941798942,0.4947089947089947,0.3941798941798942,0.47619047619047616,0.0,0.018518518518518545
99,dttl,5,Worms,44,0.38636363636363635,0.5681818181818182,0.38636363636363635,0.5681818181818182,0.0,0.0
99,dttl,10,Analysis,677,0.7799113737075333,0.9896602658788775,0.7799113737075333,0.9881831610044313,0.0,0.001477104874446189
99,dttl,10,Backdoor,583,0.9125214408233276,0.9656946826758147,0.9125214408233276,0.9656946826758147,0.0,0.0
99,dttl,10,DoS,4089,0.3074101247248716,0.8559550012227929,0.3078992418684275,0.8522866226461238,-0.0004891171435558728,0.003668378576669129
99,dttl,10,Exploits,11132,0.4245418613007546,0.7287100251527129,0.424901185770751,0.7195472511678045,-0.00035932446999636936,0.00916277398490839
99,dttl,10,Fuzzers,6062,0.5932035631804685,0.4539755856153085,0.5932035631804685,0.43549983503794126,0.0,0.018475750577367223
99,dttl,10,Generic,18871,0.9847914789889248,0.9904085634041652,0.9848444703513327,0.9900376238673096,-5.299136240788371e-05,0.00037093953685551906
99,dttl,10,Reconnaissance,3496,0.35583524027459956,0.5443363844393593,0.35583524027459956,0.5374713958810069,0.0,0.006864988558352381
99,dttl,10,Shellcode,378,0.3941798941798942,0.4947089947089947,0.3941798941798942,0.47619047619047616,0.0,0.018518518518518545
99,dttl,10,Worms,44,0.38636363636363635,0.5681818181818182,0.38636363636363635,0.5681818181818182,0.0,0.0
99,dttl,15,Analysis,677,0.7799113737075333,0.9896602658788775,0.7799113737075333,0.9881831610044313,0.0,0.001477104874446189
99,dttl,15,Backdoor,583,0.9125214408233276,0.9656946826758147,0.9125214408233276,0.9656946826758147,0.0,0.0
99,dttl,15,DoS,4089,0.3074101247248716,0.8561995597945709,0.3078992418684275,0.8522866226461238,-0.0004891171435558728,0.003912937148447093
99,dttl,15,Exploits,11132,0.4245418613007546,0.7287100251527129,0.424901185770751,0.7195472511678045,-0.00035932446999636936,0.00916277398490839
99,dttl,15,Fuzzers,6062,0.5932035631804685,0.4539755856153085,0.5932035631804685,0.43549983503794126,0.0,0.018475750577367223
99,dttl,15,Generic,18871,0.9847914789889248,0.9904085634041652,0.9848444703513327,0.9900376238673096,-5.299136240788371e-05,0.00037093953685551906
99,dttl,15,Reconnaissance,3496,0.35583524027459956,0.5443363844393593,0.35583524027459956,0.5374713958810069,0.0,0.006864988558352381
99,dttl,15,Shellcode,378,0.3941798941798942,0.4947089947089947,0.3941798941798942,0.47619047619047616,0.0,0.018518518518518545
99,dttl,15,Worms,44,0.38636363636363635,0.5681818181818182,0.38636363636363635,0.5681818181818182,0.0,0.0
